--
-- PostgreSQL database dump
--

-- Dumped from database version 15.1 (Debian 15.1-1.pgdg110+1)
-- Dumped by pg_dump version 15.1

SET statement_timeout = 0;
SET lock_timeout = 0;
SET idle_in_transaction_session_timeout = 0;
SET client_encoding = 'UTF8';
SET standard_conforming_strings = on;
SELECT pg_catalog.set_config('search_path', '', false);
SET check_function_bodies = false;
SET xmloption = content;
SET client_min_messages = warning;
SET row_security = off;

--
-- Name: startingmultitenant; Type: DATABASE; Schema: -; Owner: postgres
--

CREATE DATABASE startingmultitenant WITH TEMPLATE = template0 ENCODING = 'UTF8' LOCALE_PROVIDER = libc LOCALE = 'en_US.utf8';


ALTER DATABASE startingmultitenant OWNER TO postgres;

\connect startingmultitenant

SET statement_timeout = 0;
SET lock_timeout = 0;
SET idle_in_transaction_session_timeout = 0;
SET client_encoding = 'UTF8';
SET standard_conforming_strings = on;
SELECT pg_catalog.set_config('search_path', '', false);
SET check_function_bodies = false;
SET xmloption = content;
SET client_min_messages = warning;
SET row_security = off;

SET default_tablespace = '';

SET default_table_access_method = heap;

--
-- Name: apiclient; Type: TABLE; Schema: public; Owner: postgres
--

CREATE TABLE public.apiclient (
    id bigint NOT NULL,
    clientid character varying(50) NOT NULL,
    clientsecret character varying(100) NOT NULL,
    role character varying(50)
);


ALTER TABLE public.apiclient OWNER TO postgres;

--
-- Name: ApiClient_Id_seq; Type: SEQUENCE; Schema: public; Owner: postgres
--

CREATE SEQUENCE public."ApiClient_Id_seq"
    START WITH 1
    INCREMENT BY 1
    NO MINVALUE
    NO MAXVALUE
    CACHE 1;


ALTER TABLE public."ApiClient_Id_seq" OWNER TO postgres;

--
-- Name: ApiClient_Id_seq; Type: SEQUENCE OWNED BY; Schema: public; Owner: postgres
--

ALTER SEQUENCE public."ApiClient_Id_seq" OWNED BY public.apiclient.id;


--
-- Name: dbserver; Type: TABLE; Schema: public; Owner: postgres
--

CREATE TABLE public.dbserver (
    id bigint NOT NULL,
    dbtype integer DEFAULT 0 NOT NULL,
    serverhost character varying NOT NULL,
    serverport integer NOT NULL,
    username character varying,
    encryptuserpwd character varying,
    cancreatenew boolean DEFAULT true NOT NULL
);


ALTER TABLE public.dbserver OWNER TO postgres;

--
-- Name: DbServer_Id_seq; Type: SEQUENCE; Schema: public; Owner: postgres
--

CREATE SEQUENCE public."DbServer_Id_seq"
    START WITH 1
    INCREMENT BY 1
    NO MINVALUE
    NO MAXVALUE
    CACHE 1;


ALTER TABLE public."DbServer_Id_seq" OWNER TO postgres;

--
-- Name: DbServer_Id_seq; Type: SEQUENCE OWNED BY; Schema: public; Owner: postgres
--

ALTER SEQUENCE public."DbServer_Id_seq" OWNED BY public.dbserver.id;


--
-- Name: apiscope; Type: TABLE; Schema: public; Owner: postgres
--

CREATE TABLE public.apiscope (
    id bigint NOT NULL,
    name character varying(50),
    displayname character varying(100)
);


ALTER TABLE public.apiscope OWNER TO postgres;

--
-- Name: apiscope_id_seq; Type: SEQUENCE; Schema: public; Owner: postgres
--

CREATE SEQUENCE public.apiscope_id_seq
    START WITH 1
    INCREMENT BY 1
    NO MINVALUE
    NO MAXVALUE
    CACHE 1;


ALTER TABLE public.apiscope_id_seq OWNER TO postgres;

--
-- Name: apiscope_id_seq; Type: SEQUENCE OWNED BY; Schema: public; Owner: postgres
--

ALTER SEQUENCE public.apiscope_id_seq OWNED BY public.apiscope.id;


--
-- Name: clientdomainscope; Type: TABLE; Schema: public; Owner: postgres
--

CREATE TABLE public.clientdomainscope (
    id bigint NOT NULL,
    clientid character varying(50) NOT NULL,
    tenantdomain character varying(50) NOT NULL,
    scope character varying(50) NOT NULL,
    updatetime timestamp without time zone
);


ALTER TABLE public.clientdomainscope OWNER TO postgres;

--
-- Name: clientdomainscope_id_seq; Type: SEQUENCE; Schema: public; Owner: postgres
--

CREATE SEQUENCE public.clientdomainscope_id_seq
    START WITH 1
    INCREMENT BY 1
    NO MINVALUE
    NO MAXVALUE
    CACHE 1;


ALTER TABLE public.clientdomainscope_id_seq OWNER TO postgres;

--
-- Name: clientdomainscope_id_seq; Type: SEQUENCE OWNED BY; Schema: public; Owner: postgres
--

ALTER SEQUENCE public.clientdomainscope_id_seq OWNED BY public.clientdomainscope.id;


--
-- Name: createdbscript; Type: TABLE; Schema: public; Owner: postgres
--

CREATE TABLE public.createdbscript (
    id bigint NOT NULL,
    name character varying(100) NOT NULL,
    majorversion integer DEFAULT 0 NOT NULL,
    serviceidentifier character varying(50) NOT NULL,
    dbidentifier character varying(100) NOT NULL,
    dbnamewildcard character varying(50),
    binarycontent bytea,
    dbtype integer NOT NULL
);


ALTER TABLE public.createdbscript OWNER TO postgres;

--
-- Name: createdbscript_id_seq; Type: SEQUENCE; Schema: public; Owner: postgres
--

CREATE SEQUENCE public.createdbscript_id_seq
    START WITH 1
    INCREMENT BY 1
    NO MINVALUE
    NO MAXVALUE
    CACHE 1;


ALTER TABLE public.createdbscript_id_seq OWNER TO postgres;

--
-- Name: createdbscript_id_seq; Type: SEQUENCE OWNED BY; Schema: public; Owner: postgres
--

ALTER SEQUENCE public.createdbscript_id_seq OWNED BY public.createdbscript.id;


--
-- Name: dbinfo; Type: TABLE; Schema: public; Owner: postgres
--

CREATE TABLE public.dbinfo (
    id bigint NOT NULL,
    name character varying(100),
    identifier character varying(50) NOT NULL,
    description character varying(200),
    serviceidentifier character varying(50) NOT NULL
);


ALTER TABLE public.dbinfo OWNER TO postgres;

--
-- Name: dbinfo_id_seq; Type: SEQUENCE; Schema: public; Owner: postgres
--

CREATE SEQUENCE public.dbinfo_id_seq
    START WITH 1
    INCREMENT BY 1
    NO MINVALUE
    NO MAXVALUE
    CACHE 1;


ALTER TABLE public.dbinfo_id_seq OWNER TO postgres;

--
-- Name: dbinfo_id_seq; Type: SEQUENCE OWNED BY; Schema: public; Owner: postgres
--

ALTER SEQUENCE public.dbinfo_id_seq OWNED BY public.dbinfo.id;


--
-- Name: externaltenantservicedbconn; Type: TABLE; Schema: public; Owner: postgres
--

CREATE TABLE public.externaltenantservicedbconn (
    id bigint NOT NULL,
    tenantidentifier character varying(50) NOT NULL,
    tenantdomain character varying(50) NOT NULL,
    serviceidentifier character varying(50) NOT NULL,
    dbidentifier character varying(50) NOT NULL,
    encryptedconnstr character varying(300),
    overrideencryptedconnstr character varying(300),
    updatetime timestamp without time zone
);


ALTER TABLE public.externaltenantservicedbconn OWNER TO postgres;

--
-- Name: externaltenantservicedbconn_id_seq; Type: SEQUENCE; Schema: public; Owner: postgres
--

CREATE SEQUENCE public.externaltenantservicedbconn_id_seq
    START WITH 1
    INCREMENT BY 1
    NO MINVALUE
    NO MAXVALUE
    CACHE 1;


ALTER TABLE public.externaltenantservicedbconn_id_seq OWNER TO postgres;

--
-- Name: externaltenantservicedbconn_id_seq; Type: SEQUENCE OWNED BY; Schema: public; Owner: postgres
--

ALTER SEQUENCE public.externaltenantservicedbconn_id_seq OWNED BY public.externaltenantservicedbconn.id;


--
-- Name: historytenantservicedbconn; Type: TABLE; Schema: public; Owner: postgres
--

CREATE TABLE public.historytenantservicedbconn (
    id bigint NOT NULL,
    dbconnid bigint NOT NULL,
    createscriptname character varying(100),
    createscriptversion integer,
    curschemaversion integer,
    dbserverid bigint,
    encryptedconnstr character varying(300),
    actiontype integer NOT NULL
);


ALTER TABLE public.historytenantservicedbconn OWNER TO postgres;

--
-- Name: historytenantservicedbconn_id_seq; Type: SEQUENCE; Schema: public; Owner: postgres
--

CREATE SEQUENCE public.historytenantservicedbconn_id_seq
    START WITH 1
    INCREMENT BY 1
    NO MINVALUE
    NO MAXVALUE
    CACHE 1;


ALTER TABLE public.historytenantservicedbconn_id_seq OWNER TO postgres;

--
-- Name: historytenantservicedbconn_id_seq; Type: SEQUENCE OWNED BY; Schema: public; Owner: postgres
--

ALTER SEQUENCE public.historytenantservicedbconn_id_seq OWNED BY public.historytenantservicedbconn.id;


--
-- Name: schemaupdatescript; Type: TABLE; Schema: public; Owner: postgres
--

CREATE TABLE public.schemaupdatescript (
    id bigint NOT NULL,
    name character varying(50) NOT NULL,
    binarycontent bytea,
    rollbackscriptbinarycontent bytea,
    createscriptname character varying(50) NOT NULL,
    basemajorversion integer NOT NULL,
    minorversion integer NOT NULL,
    dbnamewildcard character varying(50)
);


ALTER TABLE public.schemaupdatescript OWNER TO postgres;

--
-- Name: schemaupdatescript_id_seq; Type: SEQUENCE; Schema: public; Owner: postgres
--

CREATE SEQUENCE public.schemaupdatescript_id_seq
    START WITH 1
    INCREMENT BY 1
    NO MINVALUE
    NO MAXVALUE
    CACHE 1;


ALTER TABLE public.schemaupdatescript_id_seq OWNER TO postgres;

--
-- Name: schemaupdatescript_id_seq; Type: SEQUENCE OWNED BY; Schema: public; Owner: postgres
--

ALTER SEQUENCE public.schemaupdatescript_id_seq OWNED BY public.schemaupdatescript.id;


--
-- Name: serviceinfo; Type: TABLE; Schema: public; Owner: postgres
--

CREATE TABLE public.serviceinfo (
    id bigint NOT NULL,
    name character varying(50),
    identifier character varying(50) NOT NULL,
    description character varying(100)
);


ALTER TABLE public.serviceinfo OWNER TO postgres;

--
-- Name: serviceinfo_id_seq; Type: SEQUENCE; Schema: public; Owner: postgres
--

CREATE SEQUENCE public.serviceinfo_id_seq
    START WITH 1
    INCREMENT BY 1
    NO MINVALUE
    NO MAXVALUE
    CACHE 1;


ALTER TABLE public.serviceinfo_id_seq OWNER TO postgres;

--
-- Name: serviceinfo_id_seq; Type: SEQUENCE OWNED BY; Schema: public; Owner: postgres
--

ALTER SEQUENCE public.serviceinfo_id_seq OWNED BY public.serviceinfo.id;


--
-- Name: tenantdomain; Type: TABLE; Schema: public; Owner: postgres
--

CREATE TABLE public.tenantdomain (
    id bigint NOT NULL,
    tenantdomain character varying(50)
);


ALTER TABLE public.tenantdomain OWNER TO postgres;

--
-- Name: tenantdomain_id_seq; Type: SEQUENCE; Schema: public; Owner: postgres
--

CREATE SEQUENCE public.tenantdomain_id_seq
    START WITH 1
    INCREMENT BY 1
    NO MINVALUE
    NO MAXVALUE
    CACHE 1;


ALTER TABLE public.tenantdomain_id_seq OWNER TO postgres;

--
-- Name: tenantdomain_id_seq; Type: SEQUENCE OWNED BY; Schema: public; Owner: postgres
--

ALTER SEQUENCE public.tenantdomain_id_seq OWNED BY public.tenantdomain.id;


--
-- Name: tenantidentifier; Type: TABLE; Schema: public; Owner: postgres
--

CREATE TABLE public.tenantidentifier (
    id bigint NOT NULL,
    tenantguid character varying(50) NOT NULL,
    tenantidentifier character varying(50),
    tenantdomain character varying(50)
);


ALTER TABLE public.tenantidentifier OWNER TO postgres;

--
-- Name: tenantidentifier_id_seq; Type: SEQUENCE; Schema: public; Owner: postgres
--

CREATE SEQUENCE public.tenantidentifier_id_seq
    START WITH 1
    INCREMENT BY 1
    NO MINVALUE
    NO MAXVALUE
    CACHE 1;


ALTER TABLE public.tenantidentifier_id_seq OWNER TO postgres;

--
-- Name: tenantidentifier_id_seq; Type: SEQUENCE OWNED BY; Schema: public; Owner: postgres
--

ALTER SEQUENCE public.tenantidentifier_id_seq OWNED BY public.tenantidentifier.id;


--
-- Name: tenantservicedbconn; Type: TABLE; Schema: public; Owner: postgres
--

CREATE TABLE public.tenantservicedbconn (
    id bigint NOT NULL,
    tenantidentifier character varying(50) NOT NULL,
    tenantdomain character varying(50) NOT NULL,
    serviceidentifier character varying(100) NOT NULL,
    dbidentifier character varying(100) NOT NULL,
    createscriptname character varying(200) NOT NULL,
    createscriptversion integer DEFAULT 0 NOT NULL,
    curschemaversion integer DEFAULT 0,
    dbserverid bigint NOT NULL,
    encryptedconnstr character varying(300)
);


ALTER TABLE public.tenantservicedbconn OWNER TO postgres;

--
-- Name: tenantservicedbconn_id_seq; Type: SEQUENCE; Schema: public; Owner: postgres
--

CREATE SEQUENCE public.tenantservicedbconn_id_seq
    START WITH 1
    INCREMENT BY 1
    NO MINVALUE
    NO MAXVALUE
    CACHE 1;


ALTER TABLE public.tenantservicedbconn_id_seq OWNER TO postgres;

--
-- Name: tenantservicedbconn_id_seq; Type: SEQUENCE OWNED BY; Schema: public; Owner: postgres
--

ALTER SEQUENCE public.tenantservicedbconn_id_seq OWNED BY public.tenantservicedbconn.id;


--
-- Name: apiclient id; Type: DEFAULT; Schema: public; Owner: postgres
--

ALTER TABLE ONLY public.apiclient ALTER COLUMN id SET DEFAULT nextval('public."ApiClient_Id_seq"'::regclass);


--
-- Name: apiscope id; Type: DEFAULT; Schema: public; Owner: postgres
--

ALTER TABLE ONLY public.apiscope ALTER COLUMN id SET DEFAULT nextval('public.apiscope_id_seq'::regclass);


--
-- Name: clientdomainscope id; Type: DEFAULT; Schema: public; Owner: postgres
--

ALTER TABLE ONLY public.clientdomainscope ALTER COLUMN id SET DEFAULT nextval('public.clientdomainscope_id_seq'::regclass);


--
-- Name: createdbscript id; Type: DEFAULT; Schema: public; Owner: postgres
--

ALTER TABLE ONLY public.createdbscript ALTER COLUMN id SET DEFAULT nextval('public.createdbscript_id_seq'::regclass);


--
-- Name: dbinfo id; Type: DEFAULT; Schema: public; Owner: postgres
--

ALTER TABLE ONLY public.dbinfo ALTER COLUMN id SET DEFAULT nextval('public.dbinfo_id_seq'::regclass);


--
-- Name: dbserver id; Type: DEFAULT; Schema: public; Owner: postgres
--

ALTER TABLE ONLY public.dbserver ALTER COLUMN id SET DEFAULT nextval('public."DbServer_Id_seq"'::regclass);


--
-- Name: externaltenantservicedbconn id; Type: DEFAULT; Schema: public; Owner: postgres
--

ALTER TABLE ONLY public.externaltenantservicedbconn ALTER COLUMN id SET DEFAULT nextval('public.externaltenantservicedbconn_id_seq'::regclass);


--
-- Name: historytenantservicedbconn id; Type: DEFAULT; Schema: public; Owner: postgres
--

ALTER TABLE ONLY public.historytenantservicedbconn ALTER COLUMN id SET DEFAULT nextval('public.historytenantservicedbconn_id_seq'::regclass);


--
-- Name: schemaupdatescript id; Type: DEFAULT; Schema: public; Owner: postgres
--

ALTER TABLE ONLY public.schemaupdatescript ALTER COLUMN id SET DEFAULT nextval('public.schemaupdatescript_id_seq'::regclass);


--
-- Name: serviceinfo id; Type: DEFAULT; Schema: public; Owner: postgres
--

ALTER TABLE ONLY public.serviceinfo ALTER COLUMN id SET DEFAULT nextval('public.serviceinfo_id_seq'::regclass);


--
-- Name: tenantdomain id; Type: DEFAULT; Schema: public; Owner: postgres
--

ALTER TABLE ONLY public.tenantdomain ALTER COLUMN id SET DEFAULT nextval('public.tenantdomain_id_seq'::regclass);


--
-- Name: tenantidentifier id; Type: DEFAULT; Schema: public; Owner: postgres
--

ALTER TABLE ONLY public.tenantidentifier ALTER COLUMN id SET DEFAULT nextval('public.tenantidentifier_id_seq'::regclass);


--
-- Name: tenantservicedbconn id; Type: DEFAULT; Schema: public; Owner: postgres
--

ALTER TABLE ONLY public.tenantservicedbconn ALTER COLUMN id SET DEFAULT nextval('public.tenantservicedbconn_id_seq'::regclass);


--
-- Data for Name: apiclient; Type: TABLE DATA; Schema: public; Owner: postgres
--

INSERT INTO public.apiclient VALUES (1, 'readerClient', 'GH0ceyhUAz/OCLUneOHdzg==', NULL);
INSERT INTO public.apiclient VALUES (6, 'sysClient', 'GH0ceyhUAz/OCLUneOHdzg==', 'admin');


--
-- Data for Name: apiscope; Type: TABLE DATA; Schema: public; Owner: postgres
--

INSERT INTO public.apiscope VALUES (1, 'read', '读权限');
INSERT INTO public.apiscope VALUES (2, 'write', '写权限');


--
-- Data for Name: clientdomainscope; Type: TABLE DATA; Schema: public; Owner: postgres
--

INSERT INTO public.clientdomainscope VALUES (1, 'readerClient', 'test.com', 'read', '2022-12-29 08:20:58.657259');
INSERT INTO public.clientdomainscope VALUES (2, 'readerClient', 'test.com', 'write', '2022-12-29 08:20:58.657259');


--
-- Data for Name: createdbscript; Type: TABLE DATA; Schema: public; Owner: postgres
--

INSERT INTO public.createdbscript VALUES (8, 'CreateTestDb', 1, 'test_service', 'test_db', '233', '\x2d2d0d0a2d2d20506f737467726553514c2064617461626173652064756d700d0a2d2d0d0a0d0a2d2d2044756d7065642066726f6d2064617461626173652076657273696f6e2031352e31202844656269616e2031352e312d312e706764673131302b31290d0a2d2d2044756d7065642062792070675f64756d702076657273696f6e2031352e310d0a0d0a5345542073746174656d656e745f74696d656f7574203d20303b0d0a534554206c6f636b5f74696d656f7574203d20303b0d0a5345542069646c655f696e5f7472616e73616374696f6e5f73657373696f6e5f74696d656f7574203d20303b0d0a53455420636c69656e745f656e636f64696e67203d202755544638273b0d0a534554207374616e646172645f636f6e666f726d696e675f737472696e6773203d206f6e3b0d0a53454c4543542070675f636174616c6f672e7365745f636f6e66696728277365617263685f70617468272c2027272c2066616c7365293b0d0a53455420636865636b5f66756e6374696f6e5f626f64696573203d2066616c73653b0d0a53455420786d6c6f7074696f6e203d20636f6e74656e743b0d0a53455420636c69656e745f6d696e5f6d65737361676573203d207761726e696e673b0d0a53455420726f775f7365637572697479203d206f66663b0d0a0d0a2d2d0d0a2d2d204e616d653a20746573745f736368656d613b20547970653a20534348454d413b20536368656d613a202d3b204f776e65723a20706f7374677265730d0a2d2d0d0a0d0a43524541544520534348454d4120746573745f736368656d613b0d0a0d0a0d0a414c54455220534348454d4120746573745f736368656d61204f574e455220544f20706f7374677265733b0d0a0d0a5345542064656661756c745f7461626c657370616365203d2027273b0d0a0d0a5345542064656661756c745f7461626c655f6163636573735f6d6574686f64203d20686561703b0d0a0d0a2d2d0d0a2d2d204e616d653a20746573745f6162633b20547970653a205441424c453b20536368656d613a207075626c69633b204f776e65723a20706f7374677265730d0a2d2d0d0a0d0a435245415445205441424c45207075626c69632e746573745f61626320280d0a20202020696420626967696e74204e4f54204e554c4c2c0d0a202020206e616d65206368617261637465722076617279696e67283530290d0a293b0d0a0d0a0d0a414c544552205441424c45207075626c69632e746573745f616263204f574e455220544f20706f7374677265733b0d0a0d0a2d2d0d0a2d2d204e616d653a20746573745f6162635f69645f7365713b20547970653a2053455155454e43453b20536368656d613a207075626c69633b204f776e65723a20706f7374677265730d0a2d2d0d0a0d0a4352454154452053455155454e4345207075626c69632e746573745f6162635f69645f7365710d0a202020205354415254205749544820310d0a20202020494e4352454d454e5420425920310d0a202020204e4f204d494e56414c55450d0a202020204e4f204d415856414c55450d0a20202020434143484520313b0d0a0d0a0d0a414c544552205441424c45207075626c69632e746573745f6162635f69645f736571204f574e455220544f20706f7374677265733b0d0a0d0a2d2d0d0a2d2d204e616d653a20746573745f6162635f69645f7365713b20547970653a2053455155454e4345204f574e45442042593b20536368656d613a207075626c69633b204f776e65723a20706f7374677265730d0a2d2d0d0a0d0a414c5445522053455155454e4345207075626c69632e746573745f6162635f69645f736571204f574e4544204259207075626c69632e746573745f6162632e69643b0d0a0d0a0d0a2d2d0d0a2d2d204e616d653a20746573745f6162633b20547970653a205441424c453b20536368656d613a20746573745f736368656d613b204f776e65723a20706f7374677265730d0a2d2d0d0a0d0a435245415445205441424c4520746573745f736368656d612e746573745f61626320280d0a20202020696420626967696e74204e4f54204e554c4c2c0d0a2020202073657820696e74656765720d0a293b0d0a0d0a0d0a414c544552205441424c4520746573745f736368656d612e746573745f616263204f574e455220544f20706f7374677265733b0d0a0d0a2d2d0d0a2d2d204e616d653a20746573745f6162635f69645f7365713b20547970653a2053455155454e43453b20536368656d613a20746573745f736368656d613b204f776e65723a20706f7374677265730d0a2d2d0d0a0d0a4352454154452053455155454e434520746573745f736368656d612e746573745f6162635f69645f7365710d0a202020205354415254205749544820310d0a20202020494e4352454d454e5420425920310d0a202020204e4f204d494e56414c55450d0a202020204e4f204d415856414c55450d0a20202020434143484520313b0d0a0d0a0d0a414c544552205441424c4520746573745f736368656d612e746573745f6162635f69645f736571204f574e455220544f20706f7374677265733b0d0a0d0a2d2d0d0a2d2d204e616d653a20746573745f6162635f69645f7365713b20547970653a2053455155454e4345204f574e45442042593b20536368656d613a20746573745f736368656d613b204f776e65723a20706f7374677265730d0a2d2d0d0a0d0a414c5445522053455155454e434520746573745f736368656d612e746573745f6162635f69645f736571204f574e454420425920746573745f736368656d612e746573745f6162632e69643b0d0a0d0a0d0a2d2d0d0a2d2d204e616d653a20746573745f6162632069643b20547970653a2044454641554c543b20536368656d613a207075626c69633b204f776e65723a20706f7374677265730d0a2d2d0d0a0d0a414c544552205441424c45204f4e4c59207075626c69632e746573745f61626320414c54455220434f4c554d4e206964205345542044454641554c54206e65787476616c28277075626c69632e746573745f6162635f69645f736571273a3a726567636c617373293b0d0a0d0a0d0a2d2d0d0a2d2d204e616d653a20746573745f6162632069643b20547970653a2044454641554c543b20536368656d613a20746573745f736368656d613b204f776e65723a20706f7374677265730d0a2d2d0d0a0d0a414c544552205441424c45204f4e4c5920746573745f736368656d612e746573745f61626320414c54455220434f4c554d4e206964205345542044454641554c54206e65787476616c2827746573745f736368656d612e746573745f6162635f69645f736571273a3a726567636c617373293b0d0a0d0a0d0a2d2d0d0a2d2d204461746120666f72204e616d653a20746573745f6162633b20547970653a205441424c4520444154413b20536368656d613a207075626c69633b204f776e65723a20706f7374677265730d0a2d2d0d0a0d0a494e5345525420494e544f207075626c69632e746573745f6162632056414c5545532028312c20277364666473666473667327293b0d0a494e5345525420494e544f207075626c69632e746573745f6162632056414c5545532028322c202773646677657727293b0d0a0d0a0d0a2d2d0d0a2d2d204461746120666f72204e616d653a20746573745f6162633b20547970653a205441424c4520444154413b20536368656d613a20746573745f736368656d613b204f776e65723a20706f7374677265730d0a2d2d0d0a0d0a494e5345525420494e544f20746573745f736368656d612e746573745f6162632056414c5545532028312c2031293b0d0a0d0a0d0a2d2d0d0a2d2d204e616d653a20746573745f6162635f69645f7365713b20547970653a2053455155454e4345205345543b20536368656d613a207075626c69633b204f776e65723a20706f7374677265730d0a2d2d0d0a0d0a53454c4543542070675f636174616c6f672e73657476616c28277075626c69632e746573745f6162635f69645f736571272c20322c2074727565293b0d0a0d0a0d0a2d2d0d0a2d2d204e616d653a20746573745f6162635f69645f7365713b20547970653a2053455155454e4345205345543b20536368656d613a20746573745f736368656d613b204f776e65723a20706f7374677265730d0a2d2d0d0a0d0a53454c4543542070675f636174616c6f672e73657476616c2827746573745f736368656d612e746573745f6162635f69645f736571272c20312c2074727565293b0d0a0d0a0d0a2d2d0d0a2d2d204e616d653a20746573745f61626320746573745f6162635f706b65793b20547970653a20434f4e53545241494e543b20536368656d613a207075626c69633b204f776e65723a20706f7374677265730d0a2d2d0d0a0d0a414c544552205441424c45204f4e4c59207075626c69632e746573745f6162630d0a2020202041444420434f4e53545241494e5420746573745f6162635f706b6579205052494d415259204b455920286964293b0d0a0d0a0d0a2d2d0d0a2d2d204e616d653a20746573745f61626320746573745f6162635f706b65793b20547970653a20434f4e53545241494e543b20536368656d613a20746573745f736368656d613b204f776e65723a20706f7374677265730d0a2d2d0d0a0d0a414c544552205441424c45204f4e4c5920746573745f736368656d612e746573745f6162630d0a2020202041444420434f4e53545241494e5420746573745f6162635f706b6579205052494d415259204b455920286964293b0d0a0d0a0d0a2d2d0d0a2d2d20506f737467726553514c2064617461626173652064756d7020636f6d706c6574650d0a2d2d0d0a0d0a', 0);
INSERT INTO public.createdbscript VALUES (9, 'sys.ids', 1, 'oauth', 'oauthdb', NULL, '\x2f2a0d0a204e617669636174205072656d69756d2044617461205472616e736665720d0a0d0a20536f75726365205365727665722020202020202020203a203132392e3232362e3130312e36390d0a20536f75726365205365727665722054797065202020203a204d7953514c0d0a20536f75726365205365727665722056657273696f6e203a2038303032360d0a20536f7572636520486f737420202020202020202020203a203132392e3232362e3130312e36393a31333330360d0a20536f7572636520536368656d612020202020202020203a207379732e6964656e746974797365727665722e64620d0a0d0a20546172676574205365727665722054797065202020203a204d7953514c0d0a20546172676574205365727665722056657273696f6e203a2038303032360d0a2046696c6520456e636f64696e672020202020202020203a2036353030310d0a0d0a20446174653a2031362f30362f323032322031343a31333a30310d0a2a2f0d0a0d0a534554204e414d455320757466386d62343b0d0a53455420464f524549474e5f4b45595f434845434b53203d20303b0d0a0d0a2d2d202d2d2d2d2d2d2d2d2d2d2d2d2d2d2d2d2d2d2d2d2d2d2d2d2d2d2d2d0d0a2d2d205461626c652073747275637475726520666f72205f5f65666d6967726174696f6e73686973746f72790d0a2d2d202d2d2d2d2d2d2d2d2d2d2d2d2d2d2d2d2d2d2d2d2d2d2d2d2d2d2d2d0d0a44524f50205441424c452049462045584953545320605f5f65666d6967726174696f6e73686973746f7279603b0d0a435245415445205441424c4520605f5f65666d6967726174696f6e73686973746f7279602020280d0a2020604d6967726174696f6e49646020766172636861722831353029204348415241435445522053455420757466386d623420434f4c4c41544520757466386d62345f303930305f61695f6369204e4f54204e554c4c2c0d0a20206050726f6475637456657273696f6e60207661726368617228333229204348415241435445522053455420757466386d623420434f4c4c41544520757466386d62345f303930305f61695f6369204e4f54204e554c4c2c0d0a20205052494d415259204b45592028604d6967726174696f6e49646029205553494e472042545245450d0a2920454e47494e45203d20496e6e6f44422043484152414354455220534554203d20757466386d623420434f4c4c415445203d20757466386d62345f303930305f61695f636920524f575f464f524d4154203d2044594e414d49433b0d0a0d0a2d2d202d2d2d2d2d2d2d2d2d2d2d2d2d2d2d2d2d2d2d2d2d2d2d2d2d2d2d2d0d0a2d2d205265636f726473206f66205f5f65666d6967726174696f6e73686973746f72790d0a2d2d202d2d2d2d2d2d2d2d2d2d2d2d2d2d2d2d2d2d2d2d2d2d2d2d2d2d2d2d0d0a494e5345525420494e544f20605f5f65666d6967726174696f6e73686973746f7279602056414c55455320282732303232303532363135313833375f496e697469616c4173704e65744163636f756e7444624d6967726174696f6e272c2027352e302e313727293b0d0a0d0a2d2d202d2d2d2d2d2d2d2d2d2d2d2d2d2d2d2d2d2d2d2d2d2d2d2d2d2d2d2d0d0a2d2d205461626c652073747275637475726520666f72206170697265736f75726365636c61696d730d0a2d2d202d2d2d2d2d2d2d2d2d2d2d2d2d2d2d2d2d2d2d2d2d2d2d2d2d2d2d2d0d0a44524f50205441424c452049462045584953545320606170697265736f75726365636c61696d73603b0d0a435245415445205441424c4520606170697265736f75726365636c61696d73602020280d0a20206049646020696e74204e4f54204e554c4c204155544f5f494e4352454d454e542c0d0a202060547970656020766172636861722832303029204348415241435445522053455420757466386d623420434f4c4c41544520757466386d62345f67656e6572616c5f6369204e4f54204e554c4c2c0d0a2020604170695265736f7572636549646020696e74204e4f54204e554c4c2c0d0a20205052494d415259204b455920286049646029205553494e472042545245452c0d0a2020494e444558206049585f4170695265736f75726365436c61696d735f4170695265736f7572636549646028604170695265736f7572636549646029205553494e472042545245452c0d0a2020434f4e53545241494e542060464b5f4170695265736f75726365436c61696d735f4170695265736f75726365735f4170695265736f7572636549646020464f524549474e204b45592028604170695265736f7572636549646029205245464552454e43455320606170697265736f75726365736020286049646029204f4e2044454c4554452043415343414445204f4e205550444154452052455354524943540d0a2920454e47494e45203d20496e6e6f4442204155544f5f494e4352454d454e54203d20312043484152414354455220534554203d20757466386d623420434f4c4c415445203d20757466386d62345f67656e6572616c5f636920524f575f464f524d4154203d2044594e414d49433b0d0a0d0a2d2d202d2d2d2d2d2d2d2d2d2d2d2d2d2d2d2d2d2d2d2d2d2d2d2d2d2d2d2d0d0a2d2d205265636f726473206f66206170697265736f75726365636c61696d730d0a2d2d202d2d2d2d2d2d2d2d2d2d2d2d2d2d2d2d2d2d2d2d2d2d2d2d2d2d2d2d0d0a0d0a2d2d202d2d2d2d2d2d2d2d2d2d2d2d2d2d2d2d2d2d2d2d2d2d2d2d2d2d2d2d0d0a2d2d205461626c652073747275637475726520666f72206170697265736f7572636570726f706572746965730d0a2d2d202d2d2d2d2d2d2d2d2d2d2d2d2d2d2d2d2d2d2d2d2d2d2d2d2d2d2d2d0d0a44524f50205441424c452049462045584953545320606170697265736f7572636570726f70657274696573603b0d0a435245415445205441424c4520606170697265736f7572636570726f70657274696573602020280d0a20206049646020696e74204e4f54204e554c4c204155544f5f494e4352454d454e542c0d0a2020604b65796020766172636861722832353029204348415241435445522053455420757466386d623420434f4c4c41544520757466386d62345f67656e6572616c5f6369204e4f54204e554c4c2c0d0a20206056616c7565602076617263686172283230303029204348415241435445522053455420757466386d623420434f4c4c41544520757466386d62345f67656e6572616c5f6369204e4f54204e554c4c2c0d0a2020604170695265736f7572636549646020696e74204e4f54204e554c4c2c0d0a20205052494d415259204b455920286049646029205553494e472042545245452c0d0a2020494e444558206049585f4170695265736f7572636550726f706572746965735f4170695265736f7572636549646028604170695265736f7572636549646029205553494e472042545245452c0d0a2020434f4e53545241494e542060464b5f4170695265736f7572636550726f706572746965735f4170695265736f75726365735f4170695265736f7572636549646020464f524549474e204b45592028604170695265736f7572636549646029205245464552454e43455320606170697265736f75726365736020286049646029204f4e2044454c4554452043415343414445204f4e205550444154452052455354524943540d0a2920454e47494e45203d20496e6e6f4442204155544f5f494e4352454d454e54203d20312043484152414354455220534554203d20757466386d623420434f4c4c415445203d20757466386d62345f67656e6572616c5f636920524f575f464f524d4154203d2044594e414d49433b0d0a0d0a2d2d202d2d2d2d2d2d2d2d2d2d2d2d2d2d2d2d2d2d2d2d2d2d2d2d2d2d2d2d0d0a2d2d205265636f726473206f66206170697265736f7572636570726f706572746965730d0a2d2d202d2d2d2d2d2d2d2d2d2d2d2d2d2d2d2d2d2d2d2d2d2d2d2d2d2d2d2d0d0a0d0a2d2d202d2d2d2d2d2d2d2d2d2d2d2d2d2d2d2d2d2d2d2d2d2d2d2d2d2d2d2d0d0a2d2d205461626c652073747275637475726520666f72206170697265736f75726365730d0a2d2d202d2d2d2d2d2d2d2d2d2d2d2d2d2d2d2d2d2d2d2d2d2d2d2d2d2d2d2d0d0a44524f50205441424c452049462045584953545320606170697265736f7572636573603b0d0a435245415445205441424c4520606170697265736f7572636573602020280d0a20206049646020696e74204e4f54204e554c4c204155544f5f494e4352454d454e542c0d0a202060456e61626c6564602074696e79696e74283129204e4f54204e554c4c2c0d0a2020604e616d656020766172636861722832303029204348415241435445522053455420757466386d623420434f4c4c41544520757466386d62345f67656e6572616c5f6369204e4f54204e554c4c2c0d0a202060446973706c61794e616d656020766172636861722832303029204348415241435445522053455420757466386d623420434f4c4c41544520757466386d62345f67656e6572616c5f6369204e554c4c2044454641554c54204e554c4c2c0d0a2020604465736372697074696f6e602076617263686172283130303029204348415241435445522053455420757466386d623420434f4c4c41544520757466386d62345f67656e6572616c5f6369204e554c4c2044454641554c54204e554c4c2c0d0a202060416c6c6f776564416363657373546f6b656e5369676e696e67416c676f726974686d736020766172636861722831303029204348415241435445522053455420757466386d623420434f4c4c41544520757466386d62345f67656e6572616c5f6369204e554c4c2044454641554c54204e554c4c2c0d0a20206053686f77496e446973636f76657279446f63756d656e74602074696e79696e74283129204e4f54204e554c4c2c0d0a2020604372656174656460206461746574696d65283629204e4f54204e554c4c2c0d0a2020605570646174656460206461746574696d65283629204e554c4c2044454641554c54204e554c4c2c0d0a2020604c617374416363657373656460206461746574696d65283629204e554c4c2044454641554c54204e554c4c2c0d0a2020604e6f6e4564697461626c65602074696e79696e74283129204e4f54204e554c4c2c0d0a20205052494d415259204b455920286049646029205553494e472042545245452c0d0a2020554e4951554520494e444558206049585f4170695265736f75726365735f4e616d656028604e616d656029205553494e472042545245450d0a2920454e47494e45203d20496e6e6f4442204155544f5f494e4352454d454e54203d2031322043484152414354455220534554203d20757466386d623420434f4c4c415445203d20757466386d62345f67656e6572616c5f636920524f575f464f524d4154203d2044594e414d49433b0d0a0d0a2d2d202d2d2d2d2d2d2d2d2d2d2d2d2d2d2d2d2d2d2d2d2d2d2d2d2d2d2d2d0d0a2d2d205265636f726473206f66206170697265736f75726365730d0a2d2d202d2d2d2d2d2d2d2d2d2d2d2d2d2d2d2d2d2d2d2d2d2d2d2d2d2d2d2d0d0a494e5345525420494e544f20606170697265736f7572636573602056414c554553202831302c20312c202774657374272c2027e6b58be8af95272c204e554c4c2c204e554c4c2c20312c2027323032322d30352d32382031343a33333a30302e303030303030272c204e554c4c2c204e554c4c2c2030293b0d0a494e5345525420494e544f20606170697265736f7572636573602056414c554553202831312c20312c20276964736d756c272c2027e5a49ae7a79fe688b7496473272c204e554c4c2c204e554c4c2c20312c2027323032322d30352d33302032313a35333a35312e303030303030272c204e554c4c2c204e554c4c2c2030293b0d0a0d0a2d2d202d2d2d2d2d2d2d2d2d2d2d2d2d2d2d2d2d2d2d2d2d2d2d2d2d2d2d2d0d0a2d2d205461626c652073747275637475726520666f72206170697265736f7572636573636f7065730d0a2d2d202d2d2d2d2d2d2d2d2d2d2d2d2d2d2d2d2d2d2d2d2d2d2d2d2d2d2d2d0d0a44524f50205441424c452049462045584953545320606170697265736f7572636573636f706573603b0d0a435245415445205441424c4520606170697265736f7572636573636f706573602020280d0a20206049646020696e74204e4f54204e554c4c204155544f5f494e4352454d454e542c0d0a20206053636f70656020766172636861722832303029204348415241435445522053455420757466386d623420434f4c4c41544520757466386d62345f67656e6572616c5f6369204e4f54204e554c4c2c0d0a2020604170695265736f7572636549646020696e74204e4f54204e554c4c2c0d0a20205052494d415259204b455920286049646029205553494e472042545245452c0d0a2020494e444558206049585f4170695265736f7572636553636f7065735f4170695265736f7572636549646028604170695265736f7572636549646029205553494e472042545245452c0d0a2020434f4e53545241494e542060464b5f4170695265736f7572636553636f7065735f4170695265736f75726365735f4170695265736f7572636549646020464f524549474e204b45592028604170695265736f7572636549646029205245464552454e43455320606170697265736f75726365736020286049646029204f4e2044454c4554452043415343414445204f4e205550444154452052455354524943540d0a2920454e47494e45203d20496e6e6f4442204155544f5f494e4352454d454e54203d2039362043484152414354455220534554203d20757466386d623420434f4c4c415445203d20757466386d62345f67656e6572616c5f636920524f575f464f524d4154203d2044594e414d49433b0d0a0d0a2d2d202d2d2d2d2d2d2d2d2d2d2d2d2d2d2d2d2d2d2d2d2d2d2d2d2d2d2d2d0d0a2d2d205265636f726473206f66206170697265736f7572636573636f7065730d0a2d2d202d2d2d2d2d2d2d2d2d2d2d2d2d2d2d2d2d2d2d2d2d2d2d2d2d2d2d2d0d0a494e5345525420494e544f20606170697265736f7572636573636f706573602056414c554553202839332c2027746573742e73636f706531272c203130293b0d0a494e5345525420494e544f20606170697265736f7572636573636f706573602056414c554553202839342c20276964736d756c2e6d616e616765272c203131293b0d0a494e5345525420494e544f20606170697265736f7572636573636f706573602056414c554553202839352c20276964736d756c2e61646474656e616e74272c203131293b0d0a0d0a2d2d202d2d2d2d2d2d2d2d2d2d2d2d2d2d2d2d2d2d2d2d2d2d2d2d2d2d2d2d0d0a2d2d205461626c652073747275637475726520666f72206170697265736f75726365736563726574730d0a2d2d202d2d2d2d2d2d2d2d2d2d2d2d2d2d2d2d2d2d2d2d2d2d2d2d2d2d2d2d0d0a44524f50205441424c452049462045584953545320606170697265736f7572636573656372657473603b0d0a435245415445205441424c4520606170697265736f7572636573656372657473602020280d0a20206049646020696e74204e4f54204e554c4c204155544f5f494e4352454d454e542c0d0a2020604465736372697074696f6e602076617263686172283130303029204348415241435445522053455420757466386d623420434f4c4c41544520757466386d62345f67656e6572616c5f6369204e554c4c2044454641554c54204e554c4c2c0d0a20206056616c7565602076617263686172283430303029204348415241435445522053455420757466386d623420434f4c4c41544520757466386d62345f67656e6572616c5f6369204e4f54204e554c4c2c0d0a20206045787069726174696f6e60206461746574696d65283629204e554c4c2044454641554c54204e554c4c2c0d0a202060547970656020766172636861722832353029204348415241435445522053455420757466386d623420434f4c4c41544520757466386d62345f67656e6572616c5f6369204e4f54204e554c4c2c0d0a2020604372656174656460206461746574696d65283629204e4f54204e554c4c2c0d0a2020604170695265736f7572636549646020696e74204e4f54204e554c4c2c0d0a20205052494d415259204b455920286049646029205553494e472042545245452c0d0a2020494e444558206049585f4170695265736f75726365536563726574735f4170695265736f7572636549646028604170695265736f7572636549646029205553494e472042545245452c0d0a2020434f4e53545241494e542060464b5f4170695265736f75726365536563726574735f4170695265736f75726365735f4170695265736f7572636549646020464f524549474e204b45592028604170695265736f7572636549646029205245464552454e43455320606170697265736f75726365736020286049646029204f4e2044454c4554452043415343414445204f4e205550444154452052455354524943540d0a2920454e47494e45203d20496e6e6f4442204155544f5f494e4352454d454e54203d20312043484152414354455220534554203d20757466386d623420434f4c4c415445203d20757466386d62345f67656e6572616c5f636920524f575f464f524d4154203d2044594e414d49433b0d0a0d0a2d2d202d2d2d2d2d2d2d2d2d2d2d2d2d2d2d2d2d2d2d2d2d2d2d2d2d2d2d2d0d0a2d2d205265636f726473206f66206170697265736f75726365736563726574730d0a2d2d202d2d2d2d2d2d2d2d2d2d2d2d2d2d2d2d2d2d2d2d2d2d2d2d2d2d2d2d0d0a0d0a2d2d202d2d2d2d2d2d2d2d2d2d2d2d2d2d2d2d2d2d2d2d2d2d2d2d2d2d2d2d0d0a2d2d205461626c652073747275637475726520666f722061706973636f7065636c61696d730d0a2d2d202d2d2d2d2d2d2d2d2d2d2d2d2d2d2d2d2d2d2d2d2d2d2d2d2d2d2d2d0d0a44524f50205441424c4520494620455849535453206061706973636f7065636c61696d73603b0d0a435245415445205441424c45206061706973636f7065636c61696d73602020280d0a20206049646020696e74204e4f54204e554c4c204155544f5f494e4352454d454e542c0d0a202060547970656020766172636861722832303029204348415241435445522053455420757466386d623420434f4c4c41544520757466386d62345f67656e6572616c5f6369204e4f54204e554c4c2c0d0a20206053636f706549646020696e74204e4f54204e554c4c2c0d0a20205052494d415259204b455920286049646029205553494e472042545245452c0d0a2020494e444558206049585f41706953636f7065436c61696d735f53636f7065496460286053636f706549646029205553494e472042545245452c0d0a2020434f4e53545241494e542060464b5f41706953636f7065436c61696d735f41706953636f7065735f53636f706549646020464f524549474e204b455920286053636f706549646029205245464552454e434553206061706973636f7065736020286049646029204f4e2044454c4554452043415343414445204f4e205550444154452052455354524943540d0a2920454e47494e45203d20496e6e6f4442204155544f5f494e4352454d454e54203d20312043484152414354455220534554203d20757466386d623420434f4c4c415445203d20757466386d62345f67656e6572616c5f636920524f575f464f524d4154203d2044594e414d49433b0d0a0d0a2d2d202d2d2d2d2d2d2d2d2d2d2d2d2d2d2d2d2d2d2d2d2d2d2d2d2d2d2d2d0d0a2d2d205265636f726473206f662061706973636f7065636c61696d730d0a2d2d202d2d2d2d2d2d2d2d2d2d2d2d2d2d2d2d2d2d2d2d2d2d2d2d2d2d2d2d0d0a0d0a2d2d202d2d2d2d2d2d2d2d2d2d2d2d2d2d2d2d2d2d2d2d2d2d2d2d2d2d2d2d0d0a2d2d205461626c652073747275637475726520666f722061706973636f706570726f706572746965730d0a2d2d202d2d2d2d2d2d2d2d2d2d2d2d2d2d2d2d2d2d2d2d2d2d2d2d2d2d2d2d0d0a44524f50205441424c4520494620455849535453206061706973636f706570726f70657274696573603b0d0a435245415445205441424c45206061706973636f706570726f70657274696573602020280d0a20206049646020696e74204e4f54204e554c4c204155544f5f494e4352454d454e542c0d0a2020604b65796020766172636861722832353029204348415241435445522053455420757466386d623420434f4c4c41544520757466386d62345f67656e6572616c5f6369204e4f54204e554c4c2c0d0a20206056616c7565602076617263686172283230303029204348415241435445522053455420757466386d623420434f4c4c41544520757466386d62345f67656e6572616c5f6369204e4f54204e554c4c2c0d0a20206053636f706549646020696e74204e4f54204e554c4c2c0d0a20205052494d415259204b455920286049646029205553494e472042545245452c0d0a2020494e444558206049585f41706953636f706550726f706572746965735f53636f7065496460286053636f706549646029205553494e472042545245452c0d0a2020434f4e53545241494e542060464b5f41706953636f706550726f706572746965735f41706953636f7065735f53636f706549646020464f524549474e204b455920286053636f706549646029205245464552454e434553206061706973636f7065736020286049646029204f4e2044454c4554452043415343414445204f4e205550444154452052455354524943540d0a2920454e47494e45203d20496e6e6f4442204155544f5f494e4352454d454e54203d20312043484152414354455220534554203d20757466386d623420434f4c4c415445203d20757466386d62345f67656e6572616c5f636920524f575f464f524d4154203d2044594e414d49433b0d0a0d0a2d2d202d2d2d2d2d2d2d2d2d2d2d2d2d2d2d2d2d2d2d2d2d2d2d2d2d2d2d2d0d0a2d2d205265636f726473206f662061706973636f706570726f706572746965730d0a2d2d202d2d2d2d2d2d2d2d2d2d2d2d2d2d2d2d2d2d2d2d2d2d2d2d2d2d2d2d0d0a0d0a2d2d202d2d2d2d2d2d2d2d2d2d2d2d2d2d2d2d2d2d2d2d2d2d2d2d2d2d2d2d0d0a2d2d205461626c652073747275637475726520666f722061706973636f7065730d0a2d2d202d2d2d2d2d2d2d2d2d2d2d2d2d2d2d2d2d2d2d2d2d2d2d2d2d2d2d2d0d0a44524f50205441424c4520494620455849535453206061706973636f706573603b0d0a435245415445205441424c45206061706973636f706573602020280d0a20206049646020696e74204e4f54204e554c4c204155544f5f494e4352454d454e542c0d0a202060456e61626c6564602074696e79696e74283129204e4f54204e554c4c2c0d0a2020604e616d656020766172636861722832303029204348415241435445522053455420757466386d623420434f4c4c41544520757466386d62345f67656e6572616c5f6369204e4f54204e554c4c2c0d0a202060446973706c61794e616d656020766172636861722832303029204348415241435445522053455420757466386d623420434f4c4c41544520757466386d62345f67656e6572616c5f6369204e554c4c2044454641554c54204e554c4c2c0d0a2020604465736372697074696f6e602076617263686172283130303029204348415241435445522053455420757466386d623420434f4c4c41544520757466386d62345f67656e6572616c5f6369204e554c4c2044454641554c54204e554c4c2c0d0a2020605265717569726564602074696e79696e74283129204e4f54204e554c4c2c0d0a202060456d70686173697a65602074696e79696e74283129204e4f54204e554c4c2c0d0a20206053686f77496e446973636f76657279446f63756d656e74602074696e79696e74283129204e4f54204e554c4c2c0d0a20205052494d415259204b455920286049646029205553494e472042545245452c0d0a2020554e4951554520494e444558206049585f41706953636f7065735f4e616d656028604e616d656029205553494e472042545245450d0a2920454e47494e45203d20496e6e6f4442204155544f5f494e4352454d454e54203d2033382043484152414354455220534554203d20757466386d623420434f4c4c415445203d20757466386d62345f67656e6572616c5f636920524f575f464f524d4154203d2044594e414d49433b0d0a0d0a2d2d202d2d2d2d2d2d2d2d2d2d2d2d2d2d2d2d2d2d2d2d2d2d2d2d2d2d2d2d0d0a2d2d205265636f726473206f662061706973636f7065730d0a2d2d202d2d2d2d2d2d2d2d2d2d2d2d2d2d2d2d2d2d2d2d2d2d2d2d2d2d2d2d0d0a494e5345525420494e544f206061706973636f706573602056414c5545532028312c20312c2027746573742e73636f706531272c2027e6b58be8af9573636f7065272c204e554c4c2c20302c20302c2031293b0d0a494e5345525420494e544f206061706973636f706573602056414c554553202833362c20312c20276964736d756c2e6d616e616765272c2027e7aea1e79086e5a49ae7a79fe688b7696473272c204e554c4c2c20302c20302c2031293b0d0a494e5345525420494e544f206061706973636f706573602056414c554553202833372c20312c20276964736d756c2e61646474656e616e74272c2027e6b7bbe58aa0e7a79fe688b7272c204e554c4c2c20302c20302c2031293b0d0a0d0a2d2d202d2d2d2d2d2d2d2d2d2d2d2d2d2d2d2d2d2d2d2d2d2d2d2d2d2d2d2d0d0a2d2d205461626c652073747275637475726520666f72206173706e6574726f6c65636c61696d730d0a2d2d202d2d2d2d2d2d2d2d2d2d2d2d2d2d2d2d2d2d2d2d2d2d2d2d2d2d2d2d0d0a44524f50205441424c452049462045584953545320606173706e6574726f6c65636c61696d73603b0d0a435245415445205441424c4520606173706e6574726f6c65636c61696d73602020280d0a20206049646020696e74204e4f54204e554c4c204155544f5f494e4352454d454e542c0d0a202060526f6c6549646020766172636861722832353529204348415241435445522053455420757466386d623420434f4c4c41544520757466386d62345f303930305f61695f6369204e4f54204e554c4c2c0d0a202060436c61696d5479706560206c6f6e6774657874204348415241435445522053455420757466386d623420434f4c4c41544520757466386d62345f303930305f61695f6369204e554c4c2c0d0a202060436c61696d56616c756560206c6f6e6774657874204348415241435445522053455420757466386d623420434f4c4c41544520757466386d62345f303930305f61695f6369204e554c4c2c0d0a20205052494d415259204b455920286049646029205553494e472042545245452c0d0a2020494e444558206049585f4173704e6574526f6c65436c61696d735f526f6c654964602860526f6c6549646029205553494e472042545245452c0d0a2020434f4e53545241494e542060464b5f4173704e6574526f6c65436c61696d735f4173704e6574526f6c65735f526f6c6549646020464f524549474e204b4559202860526f6c6549646029205245464552454e43455320606173706e6574726f6c65736020286049646029204f4e2044454c4554452043415343414445204f4e205550444154452052455354524943540d0a2920454e47494e45203d20496e6e6f4442204155544f5f494e4352454d454e54203d20312043484152414354455220534554203d20757466386d623420434f4c4c415445203d20757466386d62345f303930305f61695f636920524f575f464f524d4154203d2044594e414d49433b0d0a0d0a2d2d202d2d2d2d2d2d2d2d2d2d2d2d2d2d2d2d2d2d2d2d2d2d2d2d2d2d2d2d0d0a2d2d205265636f726473206f66206173706e6574726f6c65636c61696d730d0a2d2d202d2d2d2d2d2d2d2d2d2d2d2d2d2d2d2d2d2d2d2d2d2d2d2d2d2d2d2d0d0a0d0a2d2d202d2d2d2d2d2d2d2d2d2d2d2d2d2d2d2d2d2d2d2d2d2d2d2d2d2d2d2d0d0a2d2d205461626c652073747275637475726520666f72206173706e6574726f6c65730d0a2d2d202d2d2d2d2d2d2d2d2d2d2d2d2d2d2d2d2d2d2d2d2d2d2d2d2d2d2d2d0d0a44524f50205441424c452049462045584953545320606173706e6574726f6c6573603b0d0a435245415445205441424c4520606173706e6574726f6c6573602020280d0a20206049646020766172636861722832353529204348415241435445522053455420757466386d623420434f4c4c41544520757466386d62345f303930305f61695f6369204e4f54204e554c4c2c0d0a2020604e616d656020766172636861722832353629204348415241435445522053455420757466386d623420434f4c4c41544520757466386d62345f303930305f61695f6369204e554c4c2044454641554c54204e554c4c2c0d0a2020604e6f726d616c697a65644e616d656020766172636861722832353629204348415241435445522053455420757466386d623420434f4c4c41544520757466386d62345f303930305f61695f6369204e554c4c2044454641554c54204e554c4c2c0d0a202060436f6e63757272656e63795374616d7060206c6f6e6774657874204348415241435445522053455420757466386d623420434f4c4c41544520757466386d62345f303930305f61695f6369204e554c4c2c0d0a20205052494d415259204b455920286049646029205553494e472042545245452c0d0a2020554e4951554520494e4445582060526f6c654e616d65496e6465786028604e6f726d616c697a65644e616d656029205553494e472042545245450d0a2920454e47494e45203d20496e6e6f44422043484152414354455220534554203d20757466386d623420434f4c4c415445203d20757466386d62345f303930305f61695f636920524f575f464f524d4154203d2044594e414d49433b0d0a0d0a2d2d202d2d2d2d2d2d2d2d2d2d2d2d2d2d2d2d2d2d2d2d2d2d2d2d2d2d2d2d0d0a2d2d205265636f726473206f66206173706e6574726f6c65730d0a2d2d202d2d2d2d2d2d2d2d2d2d2d2d2d2d2d2d2d2d2d2d2d2d2d2d2d2d2d2d0d0a494e5345525420494e544f20606173706e6574726f6c6573602056414c55455320282738306263383530622d313233352d343034382d383431362d643861636536613332373039272c202773797361646d696e272c202753595341444d494e272c202738376434393838392d306132612d343632332d393437342d39326466366230646366616127293b0d0a0d0a2d2d202d2d2d2d2d2d2d2d2d2d2d2d2d2d2d2d2d2d2d2d2d2d2d2d2d2d2d2d0d0a2d2d205461626c652073747275637475726520666f72206173706e657475736572636c61696d730d0a2d2d202d2d2d2d2d2d2d2d2d2d2d2d2d2d2d2d2d2d2d2d2d2d2d2d2d2d2d2d0d0a44524f50205441424c452049462045584953545320606173706e657475736572636c61696d73603b0d0a435245415445205441424c4520606173706e657475736572636c61696d73602020280d0a20206049646020696e74204e4f54204e554c4c204155544f5f494e4352454d454e542c0d0a2020605573657249646020766172636861722832353529204348415241435445522053455420757466386d623420434f4c4c41544520757466386d62345f303930305f61695f6369204e4f54204e554c4c2c0d0a202060436c61696d5479706560206c6f6e6774657874204348415241435445522053455420757466386d623420434f4c4c41544520757466386d62345f303930305f61695f6369204e554c4c2c0d0a202060436c61696d56616c756560206c6f6e6774657874204348415241435445522053455420757466386d623420434f4c4c41544520757466386d62345f303930305f61695f6369204e554c4c2c0d0a20205052494d415259204b455920286049646029205553494e472042545245452c0d0a2020494e444558206049585f4173704e657455736572436c61696d735f5573657249646028605573657249646029205553494e472042545245452c0d0a2020434f4e53545241494e542060464b5f4173704e657455736572436c61696d735f4173704e657455736572735f5573657249646020464f524549474e204b45592028605573657249646029205245464552454e43455320606173706e657475736572736020286049646029204f4e2044454c4554452043415343414445204f4e205550444154452052455354524943540d0a2920454e47494e45203d20496e6e6f4442204155544f5f494e4352454d454e54203d2031302043484152414354455220534554203d20757466386d623420434f4c4c415445203d20757466386d62345f303930305f61695f636920524f575f464f524d4154203d2044594e414d49433b0d0a0d0a2d2d202d2d2d2d2d2d2d2d2d2d2d2d2d2d2d2d2d2d2d2d2d2d2d2d2d2d2d2d0d0a2d2d205265636f726473206f66206173706e657475736572636c61696d730d0a2d2d202d2d2d2d2d2d2d2d2d2d2d2d2d2d2d2d2d2d2d2d2d2d2d2d2d2d2d2d0d0a0d0a2d2d202d2d2d2d2d2d2d2d2d2d2d2d2d2d2d2d2d2d2d2d2d2d2d2d2d2d2d2d0d0a2d2d205461626c652073747275637475726520666f72206173706e6574757365726c6f67696e730d0a2d2d202d2d2d2d2d2d2d2d2d2d2d2d2d2d2d2d2d2d2d2d2d2d2d2d2d2d2d2d0d0a44524f50205441424c452049462045584953545320606173706e6574757365726c6f67696e73603b0d0a435245415445205441424c4520606173706e6574757365726c6f67696e73602020280d0a2020604c6f67696e50726f76696465726020766172636861722832353529204348415241435445522053455420757466386d623420434f4c4c41544520757466386d62345f303930305f61695f6369204e4f54204e554c4c2c0d0a20206050726f76696465724b65796020766172636861722832353529204348415241435445522053455420757466386d623420434f4c4c41544520757466386d62345f303930305f61695f6369204e4f54204e554c4c2c0d0a20206050726f7669646572446973706c61794e616d6560206c6f6e6774657874204348415241435445522053455420757466386d623420434f4c4c41544520757466386d62345f303930305f61695f6369204e554c4c2c0d0a2020605573657249646020766172636861722832353529204348415241435445522053455420757466386d623420434f4c4c41544520757466386d62345f303930305f61695f6369204e4f54204e554c4c2c0d0a20205052494d415259204b45592028604c6f67696e50726f7669646572602c206050726f76696465724b65796029205553494e472042545245452c0d0a2020494e444558206049585f4173704e6574557365724c6f67696e735f5573657249646028605573657249646029205553494e472042545245452c0d0a2020434f4e53545241494e542060464b5f4173704e6574557365724c6f67696e735f4173704e657455736572735f5573657249646020464f524549474e204b45592028605573657249646029205245464552454e43455320606173706e657475736572736020286049646029204f4e2044454c4554452043415343414445204f4e205550444154452052455354524943540d0a2920454e47494e45203d20496e6e6f44422043484152414354455220534554203d20757466386d623420434f4c4c415445203d20757466386d62345f303930305f61695f636920524f575f464f524d4154203d2044594e414d49433b0d0a0d0a2d2d202d2d2d2d2d2d2d2d2d2d2d2d2d2d2d2d2d2d2d2d2d2d2d2d2d2d2d2d0d0a2d2d205265636f726473206f66206173706e6574757365726c6f67696e730d0a2d2d202d2d2d2d2d2d2d2d2d2d2d2d2d2d2d2d2d2d2d2d2d2d2d2d2d2d2d2d0d0a0d0a2d2d202d2d2d2d2d2d2d2d2d2d2d2d2d2d2d2d2d2d2d2d2d2d2d2d2d2d2d2d0d0a2d2d205461626c652073747275637475726520666f72206173706e657475736572726f6c65730d0a2d2d202d2d2d2d2d2d2d2d2d2d2d2d2d2d2d2d2d2d2d2d2d2d2d2d2d2d2d2d0d0a44524f50205441424c452049462045584953545320606173706e657475736572726f6c6573603b0d0a435245415445205441424c4520606173706e657475736572726f6c6573602020280d0a2020605573657249646020766172636861722832353529204348415241435445522053455420757466386d623420434f4c4c41544520757466386d62345f303930305f61695f6369204e4f54204e554c4c2c0d0a202060526f6c6549646020766172636861722832353529204348415241435445522053455420757466386d623420434f4c4c41544520757466386d62345f303930305f61695f6369204e4f54204e554c4c2c0d0a20205052494d415259204b4559202860557365724964602c2060526f6c6549646029205553494e472042545245452c0d0a2020494e444558206049585f4173704e657455736572526f6c65735f526f6c654964602860526f6c6549646029205553494e472042545245452c0d0a2020434f4e53545241494e542060464b5f4173704e657455736572526f6c65735f4173704e6574526f6c65735f526f6c6549646020464f524549474e204b4559202860526f6c6549646029205245464552454e43455320606173706e6574726f6c65736020286049646029204f4e2044454c4554452043415343414445204f4e205550444154452052455354524943542c0d0a2020434f4e53545241494e542060464b5f4173704e657455736572526f6c65735f4173704e657455736572735f5573657249646020464f524549474e204b45592028605573657249646029205245464552454e43455320606173706e657475736572736020286049646029204f4e2044454c4554452043415343414445204f4e205550444154452052455354524943540d0a2920454e47494e45203d20496e6e6f44422043484152414354455220534554203d20757466386d623420434f4c4c415445203d20757466386d62345f303930305f61695f636920524f575f464f524d4154203d2044594e414d49433b0d0a0d0a2d2d202d2d2d2d2d2d2d2d2d2d2d2d2d2d2d2d2d2d2d2d2d2d2d2d2d2d2d2d0d0a2d2d205265636f726473206f66206173706e657475736572726f6c65730d0a2d2d202d2d2d2d2d2d2d2d2d2d2d2d2d2d2d2d2d2d2d2d2d2d2d2d2d2d2d2d0d0a494e5345525420494e544f20606173706e657475736572726f6c6573602056414c55455320282739303733303263312d303162312d343162382d393336342d393832363862623063613830272c202738306263383530622d313233352d343034382d383431362d64386163653661333237303927293b0d0a0d0a2d2d202d2d2d2d2d2d2d2d2d2d2d2d2d2d2d2d2d2d2d2d2d2d2d2d2d2d2d2d0d0a2d2d205461626c652073747275637475726520666f72206173706e657475736572730d0a2d2d202d2d2d2d2d2d2d2d2d2d2d2d2d2d2d2d2d2d2d2d2d2d2d2d2d2d2d2d0d0a44524f50205441424c452049462045584953545320606173706e65747573657273603b0d0a435245415445205441424c4520606173706e65747573657273602020280d0a20206049646020766172636861722832353529204348415241435445522053455420757466386d623420434f4c4c41544520757466386d62345f303930305f61695f6369204e4f54204e554c4c2c0d0a202060557365724e616d656020766172636861722832353629204348415241435445522053455420757466386d623420434f4c4c41544520757466386d62345f303930305f61695f6369204e554c4c2044454641554c54204e554c4c2c0d0a2020604e6f726d616c697a6564557365724e616d656020766172636861722832353629204348415241435445522053455420757466386d623420434f4c4c41544520757466386d62345f303930305f61695f6369204e554c4c2044454641554c54204e554c4c2c0d0a202060456d61696c6020766172636861722832353629204348415241435445522053455420757466386d623420434f4c4c41544520757466386d62345f303930305f61695f6369204e554c4c2044454641554c54204e554c4c2c0d0a2020604e6f726d616c697a6564456d61696c6020766172636861722832353629204348415241435445522053455420757466386d623420434f4c4c41544520757466386d62345f303930305f61695f6369204e554c4c2044454641554c54204e554c4c2c0d0a202060456d61696c436f6e6669726d6564602074696e79696e74283129204e4f54204e554c4c2c0d0a20206050617373776f72644861736860206c6f6e6774657874204348415241435445522053455420757466386d623420434f4c4c41544520757466386d62345f303930305f61695f6369204e554c4c2c0d0a20206053656375726974795374616d7060206c6f6e6774657874204348415241435445522053455420757466386d623420434f4c4c41544520757466386d62345f303930305f61695f6369204e554c4c2c0d0a202060436f6e63757272656e63795374616d7060206c6f6e6774657874204348415241435445522053455420757466386d623420434f4c4c41544520757466386d62345f303930305f61695f6369204e554c4c2c0d0a20206050686f6e654e756d62657260206c6f6e6774657874204348415241435445522053455420757466386d623420434f4c4c41544520757466386d62345f303930305f61695f6369204e554c4c2c0d0a20206050686f6e654e756d626572436f6e6669726d6564602074696e79696e74283129204e4f54204e554c4c2c0d0a20206054776f466163746f72456e61626c6564602074696e79696e74283129204e4f54204e554c4c2c0d0a2020604c6f636b6f7574456e6460206461746574696d65283629204e554c4c2044454641554c54204e554c4c2c0d0a2020604c6f636b6f7574456e61626c6564602074696e79696e74283129204e4f54204e554c4c2c0d0a2020604163636573734661696c6564436f756e746020696e74204e4f54204e554c4c2c0d0a20205052494d415259204b455920286049646029205553494e472042545245452c0d0a2020554e4951554520494e4445582060557365724e616d65496e6465786028604e6f726d616c697a6564557365724e616d656029205553494e472042545245452c0d0a2020494e4445582060456d61696c496e6465786028604e6f726d616c697a6564456d61696c6029205553494e472042545245450d0a2920454e47494e45203d20496e6e6f44422043484152414354455220534554203d20757466386d623420434f4c4c415445203d20757466386d62345f303930305f61695f636920524f575f464f524d4154203d2044594e414d49433b0d0a0d0a2d2d202d2d2d2d2d2d2d2d2d2d2d2d2d2d2d2d2d2d2d2d2d2d2d2d2d2d2d2d0d0a2d2d205265636f726473206f66206173706e657475736572730d0a2d2d202d2d2d2d2d2d2d2d2d2d2d2d2d2d2d2d2d2d2d2d2d2d2d2d2d2d2d2d0d0a494e5345525420494e544f20606173706e65747573657273602056414c55455320282739303733303263312d303162312d343162382d393336342d393832363862623063613830272c202753797341646d696e272c202753595341444d494e272c202753797341646d696e406964736d756c2e636f6d272c202753595341444d494e404944534d554c2e434f4d272c20312c20274151414141414541414363514141414145463059517255554f692b2f4d5936646943506a3959476877537436516b364274775965446d714f6c424b794645424b73345a7930546a2b4a7238646966376147673d3d272c20273742544b59494b5044434a4345565233574e3453474a454341495349585a4744272c202738633239666639622d343063612d346332322d396164302d633535646563383737363833272c204e554c4c2c20302c20302c204e554c4c2c20312c2030293b0d0a0d0a2d2d202d2d2d2d2d2d2d2d2d2d2d2d2d2d2d2d2d2d2d2d2d2d2d2d2d2d2d2d0d0a2d2d205461626c652073747275637475726520666f72206173706e657475736572746f6b656e730d0a2d2d202d2d2d2d2d2d2d2d2d2d2d2d2d2d2d2d2d2d2d2d2d2d2d2d2d2d2d2d0d0a44524f50205441424c452049462045584953545320606173706e657475736572746f6b656e73603b0d0a435245415445205441424c4520606173706e657475736572746f6b656e73602020280d0a2020605573657249646020766172636861722832353529204348415241435445522053455420757466386d623420434f4c4c41544520757466386d62345f303930305f61695f6369204e4f54204e554c4c2c0d0a2020604c6f67696e50726f76696465726020766172636861722832353529204348415241435445522053455420757466386d623420434f4c4c41544520757466386d62345f303930305f61695f6369204e4f54204e554c4c2c0d0a2020604e616d656020766172636861722832353529204348415241435445522053455420757466386d623420434f4c4c41544520757466386d62345f303930305f61695f6369204e4f54204e554c4c2c0d0a20206056616c756560206c6f6e6774657874204348415241435445522053455420757466386d623420434f4c4c41544520757466386d62345f303930305f61695f6369204e554c4c2c0d0a20205052494d415259204b4559202860557365724964602c20604c6f67696e50726f7669646572602c20604e616d656029205553494e472042545245452c0d0a2020434f4e53545241494e542060464b5f4173704e657455736572546f6b656e735f4173704e657455736572735f5573657249646020464f524549474e204b45592028605573657249646029205245464552454e43455320606173706e657475736572736020286049646029204f4e2044454c4554452043415343414445204f4e205550444154452052455354524943540d0a2920454e47494e45203d20496e6e6f44422043484152414354455220534554203d20757466386d623420434f4c4c415445203d20757466386d62345f303930305f61695f636920524f575f464f524d4154203d2044594e414d49433b0d0a0d0a2d2d202d2d2d2d2d2d2d2d2d2d2d2d2d2d2d2d2d2d2d2d2d2d2d2d2d2d2d2d0d0a2d2d205265636f726473206f66206173706e657475736572746f6b656e730d0a2d2d202d2d2d2d2d2d2d2d2d2d2d2d2d2d2d2d2d2d2d2d2d2d2d2d2d2d2d2d0d0a0d0a2d2d202d2d2d2d2d2d2d2d2d2d2d2d2d2d2d2d2d2d2d2d2d2d2d2d2d2d2d2d0d0a2d2d205461626c652073747275637475726520666f7220636c69656e74636c61696d730d0a2d2d202d2d2d2d2d2d2d2d2d2d2d2d2d2d2d2d2d2d2d2d2d2d2d2d2d2d2d2d0d0a44524f50205441424c45204946204558495354532060636c69656e74636c61696d73603b0d0a435245415445205441424c452060636c69656e74636c61696d73602020280d0a20206049646020696e74204e4f54204e554c4c204155544f5f494e4352454d454e542c0d0a202060547970656020766172636861722832353029204348415241435445522053455420757466386d623420434f4c4c41544520757466386d62345f67656e6572616c5f6369204e4f54204e554c4c2c0d0a20206056616c75656020766172636861722832353029204348415241435445522053455420757466386d623420434f4c4c41544520757466386d62345f67656e6572616c5f6369204e4f54204e554c4c2c0d0a202060436c69656e7449646020696e74204e4f54204e554c4c2c0d0a20205052494d415259204b455920286049646029205553494e472042545245452c0d0a2020494e444558206049585f436c69656e74436c61696d735f436c69656e744964602860436c69656e7449646029205553494e472042545245452c0d0a2020434f4e53545241494e542060464b5f436c69656e74436c61696d735f436c69656e74735f436c69656e7449646020464f524549474e204b4559202860436c69656e7449646029205245464552454e4345532060636c69656e74736020286049646029204f4e2044454c4554452043415343414445204f4e205550444154452052455354524943540d0a2920454e47494e45203d20496e6e6f4442204155544f5f494e4352454d454e54203d2032372043484152414354455220534554203d20757466386d623420434f4c4c415445203d20757466386d62345f67656e6572616c5f636920524f575f464f524d4154203d2044594e414d49433b0d0a0d0a2d2d202d2d2d2d2d2d2d2d2d2d2d2d2d2d2d2d2d2d2d2d2d2d2d2d2d2d2d2d0d0a2d2d205265636f726473206f6620636c69656e74636c61696d730d0a2d2d202d2d2d2d2d2d2d2d2d2d2d2d2d2d2d2d2d2d2d2d2d2d2d2d2d2d2d2d0d0a0d0a2d2d202d2d2d2d2d2d2d2d2d2d2d2d2d2d2d2d2d2d2d2d2d2d2d2d2d2d2d2d0d0a2d2d205461626c652073747275637475726520666f7220636c69656e74636f72736f726967696e730d0a2d2d202d2d2d2d2d2d2d2d2d2d2d2d2d2d2d2d2d2d2d2d2d2d2d2d2d2d2d2d0d0a44524f50205441424c45204946204558495354532060636c69656e74636f72736f726967696e73603b0d0a435245415445205441424c452060636c69656e74636f72736f726967696e73602020280d0a20206049646020696e74204e4f54204e554c4c204155544f5f494e4352454d454e542c0d0a2020604f726967696e6020766172636861722831353029204348415241435445522053455420757466386d623420434f4c4c41544520757466386d62345f67656e6572616c5f6369204e4f54204e554c4c2c0d0a202060436c69656e7449646020696e74204e4f54204e554c4c2c0d0a20205052494d415259204b455920286049646029205553494e472042545245452c0d0a2020494e444558206049585f436c69656e74436f72734f726967696e735f436c69656e744964602860436c69656e7449646029205553494e472042545245452c0d0a2020434f4e53545241494e542060464b5f436c69656e74436f72734f726967696e735f436c69656e74735f436c69656e7449646020464f524549474e204b4559202860436c69656e7449646029205245464552454e4345532060636c69656e74736020286049646029204f4e2044454c4554452043415343414445204f4e205550444154452052455354524943540d0a2920454e47494e45203d20496e6e6f4442204155544f5f494e4352454d454e54203d20322043484152414354455220534554203d20757466386d623420434f4c4c415445203d20757466386d62345f67656e6572616c5f636920524f575f464f524d4154203d2044594e414d49433b0d0a0d0a2d2d202d2d2d2d2d2d2d2d2d2d2d2d2d2d2d2d2d2d2d2d2d2d2d2d2d2d2d2d0d0a2d2d205265636f726473206f6620636c69656e74636f72736f726967696e730d0a2d2d202d2d2d2d2d2d2d2d2d2d2d2d2d2d2d2d2d2d2d2d2d2d2d2d2d2d2d2d0d0a0d0a2d2d202d2d2d2d2d2d2d2d2d2d2d2d2d2d2d2d2d2d2d2d2d2d2d2d2d2d2d2d0d0a2d2d205461626c652073747275637475726520666f7220636c69656e746772616e7474797065730d0a2d2d202d2d2d2d2d2d2d2d2d2d2d2d2d2d2d2d2d2d2d2d2d2d2d2d2d2d2d2d0d0a44524f50205441424c45204946204558495354532060636c69656e746772616e747479706573603b0d0a435245415445205441424c452060636c69656e746772616e747479706573602020280d0a20206049646020696e74204e4f54204e554c4c204155544f5f494e4352454d454e542c0d0a2020604772616e74547970656020766172636861722832353029204348415241435445522053455420757466386d623420434f4c4c41544520757466386d62345f67656e6572616c5f6369204e4f54204e554c4c2c0d0a202060436c69656e7449646020696e74204e4f54204e554c4c2c0d0a20205052494d415259204b455920286049646029205553494e472042545245452c0d0a2020494e444558206049585f436c69656e744772616e7454797065735f436c69656e744964602860436c69656e7449646029205553494e472042545245452c0d0a2020434f4e53545241494e542060464b5f436c69656e744772616e7454797065735f436c69656e74735f436c69656e7449646020464f524549474e204b4559202860436c69656e7449646029205245464552454e4345532060636c69656e74736020286049646029204f4e2044454c4554452043415343414445204f4e205550444154452052455354524943540d0a2920454e47494e45203d20496e6e6f4442204155544f5f494e4352454d454e54203d2031322043484152414354455220534554203d20757466386d623420434f4c4c415445203d20757466386d62345f67656e6572616c5f636920524f575f464f524d4154203d2044594e414d49433b0d0a0d0a2d2d202d2d2d2d2d2d2d2d2d2d2d2d2d2d2d2d2d2d2d2d2d2d2d2d2d2d2d2d0d0a2d2d205265636f726473206f6620636c69656e746772616e7474797065730d0a2d2d202d2d2d2d2d2d2d2d2d2d2d2d2d2d2d2d2d2d2d2d2d2d2d2d2d2d2d2d0d0a494e5345525420494e544f2060636c69656e746772616e747479706573602056414c5545532028312c2027636c69656e745f63726564656e7469616c73272c2031293b0d0a0d0a2d2d202d2d2d2d2d2d2d2d2d2d2d2d2d2d2d2d2d2d2d2d2d2d2d2d2d2d2d2d0d0a2d2d205461626c652073747275637475726520666f7220636c69656e746964707265737472696374696f6e730d0a2d2d202d2d2d2d2d2d2d2d2d2d2d2d2d2d2d2d2d2d2d2d2d2d2d2d2d2d2d2d0d0a44524f50205441424c45204946204558495354532060636c69656e746964707265737472696374696f6e73603b0d0a435245415445205441424c452060636c69656e746964707265737472696374696f6e73602020280d0a20206049646020696e74204e4f54204e554c4c204155544f5f494e4352454d454e542c0d0a20206050726f76696465726020766172636861722832303029204348415241435445522053455420757466386d623420434f4c4c41544520757466386d62345f67656e6572616c5f6369204e4f54204e554c4c2c0d0a202060436c69656e7449646020696e74204e4f54204e554c4c2c0d0a20205052494d415259204b455920286049646029205553494e472042545245452c0d0a2020494e444558206049585f436c69656e744964505265737472696374696f6e735f436c69656e744964602860436c69656e7449646029205553494e472042545245452c0d0a2020434f4e53545241494e542060464b5f436c69656e744964505265737472696374696f6e735f436c69656e74735f436c69656e7449646020464f524549474e204b4559202860436c69656e7449646029205245464552454e4345532060636c69656e74736020286049646029204f4e2044454c4554452043415343414445204f4e205550444154452052455354524943540d0a2920454e47494e45203d20496e6e6f4442204155544f5f494e4352454d454e54203d20312043484152414354455220534554203d20757466386d623420434f4c4c415445203d20757466386d62345f67656e6572616c5f636920524f575f464f524d4154203d2044594e414d49433b0d0a0d0a2d2d202d2d2d2d2d2d2d2d2d2d2d2d2d2d2d2d2d2d2d2d2d2d2d2d2d2d2d2d0d0a2d2d205265636f726473206f6620636c69656e746964707265737472696374696f6e730d0a2d2d202d2d2d2d2d2d2d2d2d2d2d2d2d2d2d2d2d2d2d2d2d2d2d2d2d2d2d2d0d0a0d0a2d2d202d2d2d2d2d2d2d2d2d2d2d2d2d2d2d2d2d2d2d2d2d2d2d2d2d2d2d2d0d0a2d2d205461626c652073747275637475726520666f7220636c69656e74706f73746c6f676f75747265646972656374757269730d0a2d2d202d2d2d2d2d2d2d2d2d2d2d2d2d2d2d2d2d2d2d2d2d2d2d2d2d2d2d2d0d0a44524f50205441424c45204946204558495354532060636c69656e74706f73746c6f676f7574726564697265637475726973603b0d0a435245415445205441424c452060636c69656e74706f73746c6f676f7574726564697265637475726973602020280d0a20206049646020696e74204e4f54204e554c4c204155544f5f494e4352454d454e542c0d0a202060506f73744c6f676f75745265646972656374557269602076617263686172283230303029204348415241435445522053455420757466386d623420434f4c4c41544520757466386d62345f67656e6572616c5f6369204e4f54204e554c4c2c0d0a202060436c69656e7449646020696e74204e4f54204e554c4c2c0d0a20205052494d415259204b455920286049646029205553494e472042545245452c0d0a2020494e444558206049585f436c69656e74506f73744c6f676f75745265646972656374557269735f436c69656e744964602860436c69656e7449646029205553494e472042545245452c0d0a2020434f4e53545241494e542060464b5f436c69656e74506f73744c6f676f75745265646972656374557269735f436c69656e74735f436c69656e7449646020464f524549474e204b4559202860436c69656e7449646029205245464552454e4345532060636c69656e74736020286049646029204f4e2044454c4554452043415343414445204f4e205550444154452052455354524943540d0a2920454e47494e45203d20496e6e6f4442204155544f5f494e4352454d454e54203d20312043484152414354455220534554203d20757466386d623420434f4c4c415445203d20757466386d62345f67656e6572616c5f636920524f575f464f524d4154203d2044594e414d49433b0d0a0d0a2d2d202d2d2d2d2d2d2d2d2d2d2d2d2d2d2d2d2d2d2d2d2d2d2d2d2d2d2d2d0d0a2d2d205265636f726473206f6620636c69656e74706f73746c6f676f75747265646972656374757269730d0a2d2d202d2d2d2d2d2d2d2d2d2d2d2d2d2d2d2d2d2d2d2d2d2d2d2d2d2d2d2d0d0a0d0a2d2d202d2d2d2d2d2d2d2d2d2d2d2d2d2d2d2d2d2d2d2d2d2d2d2d2d2d2d2d0d0a2d2d205461626c652073747275637475726520666f7220636c69656e7470726f706572746965730d0a2d2d202d2d2d2d2d2d2d2d2d2d2d2d2d2d2d2d2d2d2d2d2d2d2d2d2d2d2d2d0d0a44524f50205441424c45204946204558495354532060636c69656e7470726f70657274696573603b0d0a435245415445205441424c452060636c69656e7470726f70657274696573602020280d0a20206049646020696e74204e4f54204e554c4c204155544f5f494e4352454d454e542c0d0a2020604b65796020766172636861722832353029204348415241435445522053455420757466386d623420434f4c4c41544520757466386d62345f67656e6572616c5f6369204e4f54204e554c4c2c0d0a20206056616c7565602076617263686172283230303029204348415241435445522053455420757466386d623420434f4c4c41544520757466386d62345f67656e6572616c5f6369204e4f54204e554c4c2c0d0a202060436c69656e7449646020696e74204e4f54204e554c4c2c0d0a20205052494d415259204b455920286049646029205553494e472042545245452c0d0a2020494e444558206049585f436c69656e7450726f706572746965735f436c69656e744964602860436c69656e7449646029205553494e472042545245452c0d0a2020434f4e53545241494e542060464b5f436c69656e7450726f706572746965735f436c69656e74735f436c69656e7449646020464f524549474e204b4559202860436c69656e7449646029205245464552454e4345532060636c69656e74736020286049646029204f4e2044454c4554452043415343414445204f4e205550444154452052455354524943540d0a2920454e47494e45203d20496e6e6f4442204155544f5f494e4352454d454e54203d20312043484152414354455220534554203d20757466386d623420434f4c4c415445203d20757466386d62345f67656e6572616c5f636920524f575f464f524d4154203d2044594e414d49433b0d0a0d0a2d2d202d2d2d2d2d2d2d2d2d2d2d2d2d2d2d2d2d2d2d2d2d2d2d2d2d2d2d2d0d0a2d2d205265636f726473206f6620636c69656e7470726f706572746965730d0a2d2d202d2d2d2d2d2d2d2d2d2d2d2d2d2d2d2d2d2d2d2d2d2d2d2d2d2d2d2d0d0a0d0a2d2d202d2d2d2d2d2d2d2d2d2d2d2d2d2d2d2d2d2d2d2d2d2d2d2d2d2d2d2d0d0a2d2d205461626c652073747275637475726520666f7220636c69656e747265646972656374757269730d0a2d2d202d2d2d2d2d2d2d2d2d2d2d2d2d2d2d2d2d2d2d2d2d2d2d2d2d2d2d2d0d0a44524f50205441424c45204946204558495354532060636c69656e74726564697265637475726973603b0d0a435245415445205441424c452060636c69656e74726564697265637475726973602020280d0a20206049646020696e74204e4f54204e554c4c204155544f5f494e4352454d454e542c0d0a2020605265646972656374557269602076617263686172283230303029204348415241435445522053455420757466386d623420434f4c4c41544520757466386d62345f67656e6572616c5f6369204e4f54204e554c4c2c0d0a202060436c69656e7449646020696e74204e4f54204e554c4c2c0d0a20205052494d415259204b455920286049646029205553494e472042545245452c0d0a2020494e444558206049585f436c69656e745265646972656374557269735f436c69656e744964602860436c69656e7449646029205553494e472042545245452c0d0a2020434f4e53545241494e542060464b5f436c69656e745265646972656374557269735f436c69656e74735f436c69656e7449646020464f524549474e204b4559202860436c69656e7449646029205245464552454e4345532060636c69656e74736020286049646029204f4e2044454c4554452043415343414445204f4e205550444154452052455354524943540d0a2920454e47494e45203d20496e6e6f4442204155544f5f494e4352454d454e54203d20312043484152414354455220534554203d20757466386d623420434f4c4c415445203d20757466386d62345f67656e6572616c5f636920524f575f464f524d4154203d2044594e414d49433b0d0a0d0a2d2d202d2d2d2d2d2d2d2d2d2d2d2d2d2d2d2d2d2d2d2d2d2d2d2d2d2d2d2d0d0a2d2d205265636f726473206f6620636c69656e747265646972656374757269730d0a2d2d202d2d2d2d2d2d2d2d2d2d2d2d2d2d2d2d2d2d2d2d2d2d2d2d2d2d2d2d0d0a0d0a2d2d202d2d2d2d2d2d2d2d2d2d2d2d2d2d2d2d2d2d2d2d2d2d2d2d2d2d2d2d0d0a2d2d205461626c652073747275637475726520666f7220636c69656e74730d0a2d2d202d2d2d2d2d2d2d2d2d2d2d2d2d2d2d2d2d2d2d2d2d2d2d2d2d2d2d2d0d0a44524f50205441424c45204946204558495354532060636c69656e7473603b0d0a435245415445205441424c452060636c69656e7473602020280d0a20206049646020696e74204e4f54204e554c4c204155544f5f494e4352454d454e542c0d0a202060456e61626c6564602074696e79696e74283129204e4f54204e554c4c2c0d0a202060436c69656e7449646020766172636861722832303029204348415241435445522053455420757466386d623420434f4c4c41544520757466386d62345f67656e6572616c5f6369204e4f54204e554c4c2c0d0a20206050726f746f636f6c547970656020766172636861722832303029204348415241435445522053455420757466386d623420434f4c4c41544520757466386d62345f67656e6572616c5f6369204e4f54204e554c4c2c0d0a20206052657175697265436c69656e74536563726574602074696e79696e74283129204e4f54204e554c4c2c0d0a202060436c69656e744e616d656020766172636861722832303029204348415241435445522053455420757466386d623420434f4c4c41544520757466386d62345f67656e6572616c5f6369204e554c4c2044454641554c54204e554c4c2c0d0a2020604465736372697074696f6e602076617263686172283130303029204348415241435445522053455420757466386d623420434f4c4c41544520757466386d62345f67656e6572616c5f6369204e554c4c2044454641554c54204e554c4c2c0d0a202060436c69656e74557269602076617263686172283230303029204348415241435445522053455420757466386d623420434f4c4c41544520757466386d62345f67656e6572616c5f6369204e554c4c2044454641554c54204e554c4c2c0d0a2020604c6f676f557269602076617263686172283230303029204348415241435445522053455420757466386d623420434f4c4c41544520757466386d62345f67656e6572616c5f6369204e554c4c2044454641554c54204e554c4c2c0d0a20206052657175697265436f6e73656e74602074696e79696e74283129204e4f54204e554c4c2c0d0a202060416c6c6f7752656d656d626572436f6e73656e74602074696e79696e74283129204e4f54204e554c4c2c0d0a202060416c77617973496e636c75646555736572436c61696d73496e4964546f6b656e602074696e79696e74283129204e4f54204e554c4c2c0d0a20206052657175697265506b6365602074696e79696e74283129204e4f54204e554c4c2c0d0a202060416c6c6f77506c61696e54657874506b6365602074696e79696e74283129204e4f54204e554c4c2c0d0a20206052657175697265526571756573744f626a656374602074696e79696e74283129204e4f54204e554c4c2c0d0a202060416c6c6f77416363657373546f6b656e7356696142726f77736572602074696e79696e74283129204e4f54204e554c4c2c0d0a20206046726f6e744368616e6e656c4c6f676f7574557269602076617263686172283230303029204348415241435445522053455420757466386d623420434f4c4c41544520757466386d62345f67656e6572616c5f6369204e554c4c2044454641554c54204e554c4c2c0d0a20206046726f6e744368616e6e656c4c6f676f757453657373696f6e5265717569726564602074696e79696e74283129204e4f54204e554c4c2c0d0a2020604261636b4368616e6e656c4c6f676f7574557269602076617263686172283230303029204348415241435445522053455420757466386d623420434f4c4c41544520757466386d62345f67656e6572616c5f6369204e554c4c2044454641554c54204e554c4c2c0d0a2020604261636b4368616e6e656c4c6f676f757453657373696f6e5265717569726564602074696e79696e74283129204e4f54204e554c4c2c0d0a202060416c6c6f774f66666c696e65416363657373602074696e79696e74283129204e4f54204e554c4c2c0d0a2020604964656e74697479546f6b656e4c69666574696d656020696e74204e4f54204e554c4c2c0d0a202060416c6c6f7765644964656e74697479546f6b656e5369676e696e67416c676f726974686d736020766172636861722831303029204348415241435445522053455420757466386d623420434f4c4c41544520757466386d62345f67656e6572616c5f6369204e554c4c2044454641554c54204e554c4c2c0d0a202060416363657373546f6b656e4c69666574696d656020696e74204e4f54204e554c4c2c0d0a202060417574686f72697a6174696f6e436f64654c69666574696d656020696e74204e4f54204e554c4c2c0d0a202060436f6e73656e744c69666574696d656020696e74204e554c4c2044454641554c54204e554c4c2c0d0a2020604162736f6c75746552656672657368546f6b656e4c69666574696d656020696e74204e4f54204e554c4c2c0d0a202060536c6964696e6752656672657368546f6b656e4c69666574696d656020696e74204e4f54204e554c4c2c0d0a20206052656672657368546f6b656e55736167656020696e74204e4f54204e554c4c2c0d0a202060557064617465416363657373546f6b656e436c61696d734f6e52656672657368602074696e79696e74283129204e4f54204e554c4c2c0d0a20206052656672657368546f6b656e45787069726174696f6e6020696e74204e4f54204e554c4c2c0d0a202060416363657373546f6b656e547970656020696e74204e4f54204e554c4c2c0d0a202060456e61626c654c6f63616c4c6f67696e602074696e79696e74283129204e4f54204e554c4c2c0d0a202060496e636c7564654a77744964602074696e79696e74283129204e4f54204e554c4c2c0d0a202060416c7761797353656e64436c69656e74436c61696d73602074696e79696e74283129204e4f54204e554c4c2c0d0a202060436c69656e74436c61696d735072656669786020766172636861722832303029204348415241435445522053455420757466386d623420434f4c4c41544520757466386d62345f67656e6572616c5f6369204e554c4c2044454641554c54204e554c4c2c0d0a20206050616972576973655375626a65637453616c746020766172636861722832303029204348415241435445522053455420757466386d623420434f4c4c41544520757466386d62345f67656e6572616c5f6369204e554c4c2044454641554c54204e554c4c2c0d0a2020604372656174656460206461746574696d65283629204e4f54204e554c4c2c0d0a2020605570646174656460206461746574696d65283629204e554c4c2044454641554c54204e554c4c2c0d0a2020604c617374416363657373656460206461746574696d65283629204e554c4c2044454641554c54204e554c4c2c0d0a2020605573657253736f4c69666574696d656020696e74204e554c4c2044454641554c54204e554c4c2c0d0a20206055736572436f6465547970656020766172636861722831303029204348415241435445522053455420757466386d623420434f4c4c41544520757466386d62345f67656e6572616c5f6369204e554c4c2044454641554c54204e554c4c2c0d0a202060446576696365436f64654c69666574696d656020696e74204e4f54204e554c4c2c0d0a2020604e6f6e4564697461626c65602074696e79696e74283129204e4f54204e554c4c2c0d0a20205052494d415259204b455920286049646029205553494e472042545245452c0d0a2020554e4951554520494e444558206049585f436c69656e74735f436c69656e744964602860436c69656e7449646029205553494e472042545245450d0a2920454e47494e45203d20496e6e6f4442204155544f5f494e4352454d454e54203d2031322043484152414354455220534554203d20757466386d623420434f4c4c415445203d20757466386d62345f67656e6572616c5f636920524f575f464f524d4154203d2044594e414d49433b0d0a0d0a2d2d202d2d2d2d2d2d2d2d2d2d2d2d2d2d2d2d2d2d2d2d2d2d2d2d2d2d2d2d0d0a2d2d205265636f726473206f6620636c69656e74730d0a2d2d202d2d2d2d2d2d2d2d2d2d2d2d2d2d2d2d2d2d2d2d2d2d2d2d2d2d2d2d0d0a494e5345525420494e544f2060636c69656e7473602056414c5545532028312c20312c20277379732e6964736d756c272c20276f696463272c20312c20277379732e6964736d756c272c204e554c4c2c204e554c4c2c204e554c4c2c20302c20312c20302c20312c20302c20302c20302c204e554c4c2c20312c204e554c4c2c20312c20312c203330302c204e554c4c2c20313239363030302c203330302c204e554c4c2c20323539323030302c20313239363030302c20312c20302c20312c20302c20312c20312c20302c2027636c69656e745f272c204e554c4c2c2027323032312d31312d31362031323a32383a35302e353639373334272c204e554c4c2c204e554c4c2c204e554c4c2c204e554c4c2c203330302c2030293b0d0a0d0a2d2d202d2d2d2d2d2d2d2d2d2d2d2d2d2d2d2d2d2d2d2d2d2d2d2d2d2d2d2d0d0a2d2d205461626c652073747275637475726520666f7220636c69656e7473636f7065730d0a2d2d202d2d2d2d2d2d2d2d2d2d2d2d2d2d2d2d2d2d2d2d2d2d2d2d2d2d2d2d0d0a44524f50205441424c45204946204558495354532060636c69656e7473636f706573603b0d0a435245415445205441424c452060636c69656e7473636f706573602020280d0a20206049646020696e74204e4f54204e554c4c204155544f5f494e4352454d454e542c0d0a20206053636f70656020766172636861722832303029204348415241435445522053455420757466386d623420434f4c4c41544520757466386d62345f67656e6572616c5f6369204e4f54204e554c4c2c0d0a202060436c69656e7449646020696e74204e4f54204e554c4c2c0d0a20205052494d415259204b455920286049646029205553494e472042545245452c0d0a2020494e444558206049585f436c69656e7453636f7065735f436c69656e744964602860436c69656e7449646029205553494e472042545245452c0d0a2020434f4e53545241494e542060464b5f436c69656e7453636f7065735f436c69656e74735f436c69656e7449646020464f524549474e204b4559202860436c69656e7449646029205245464552454e4345532060636c69656e74736020286049646029204f4e2044454c4554452043415343414445204f4e205550444154452052455354524943540d0a2920454e47494e45203d20496e6e6f4442204155544f5f494e4352454d454e54203d203236342043484152414354455220534554203d20757466386d623420434f4c4c415445203d20757466386d62345f67656e6572616c5f636920524f575f464f524d4154203d2044594e414d49433b0d0a0d0a2d2d202d2d2d2d2d2d2d2d2d2d2d2d2d2d2d2d2d2d2d2d2d2d2d2d2d2d2d2d0d0a2d2d205265636f726473206f6620636c69656e7473636f7065730d0a2d2d202d2d2d2d2d2d2d2d2d2d2d2d2d2d2d2d2d2d2d2d2d2d2d2d2d2d2d2d0d0a494e5345525420494e544f2060636c69656e7473636f706573602056414c5545532028312c2027746573742e73636f706531272c2031293b0d0a494e5345525420494e544f2060636c69656e7473636f706573602056414c55455320283236322c20276964736d756c2e6d616e616765272c2031293b0d0a494e5345525420494e544f2060636c69656e7473636f706573602056414c55455320283236332c20276964736d756c2e61646474656e616e74272c2031293b0d0a0d0a2d2d202d2d2d2d2d2d2d2d2d2d2d2d2d2d2d2d2d2d2d2d2d2d2d2d2d2d2d2d0d0a2d2d205461626c652073747275637475726520666f7220636c69656e74736563726574730d0a2d2d202d2d2d2d2d2d2d2d2d2d2d2d2d2d2d2d2d2d2d2d2d2d2d2d2d2d2d2d0d0a44524f50205441424c45204946204558495354532060636c69656e7473656372657473603b0d0a435245415445205441424c452060636c69656e7473656372657473602020280d0a20206049646020696e74204e4f54204e554c4c204155544f5f494e4352454d454e542c0d0a2020604465736372697074696f6e602076617263686172283230303029204348415241435445522053455420757466386d623420434f4c4c41544520757466386d62345f67656e6572616c5f6369204e554c4c2044454641554c54204e554c4c2c0d0a20206056616c7565602076617263686172283430303029204348415241435445522053455420757466386d623420434f4c4c41544520757466386d62345f67656e6572616c5f6369204e4f54204e554c4c2c0d0a20206045787069726174696f6e60206461746574696d65283629204e554c4c2044454641554c54204e554c4c2c0d0a202060547970656020766172636861722832353029204348415241435445522053455420757466386d623420434f4c4c41544520757466386d62345f67656e6572616c5f6369204e4f54204e554c4c2c0d0a2020604372656174656460206461746574696d65283629204e4f54204e554c4c2c0d0a202060436c69656e7449646020696e74204e4f54204e554c4c2c0d0a20205052494d415259204b455920286049646029205553494e472042545245452c0d0a2020494e444558206049585f436c69656e74536563726574735f436c69656e744964602860436c69656e7449646029205553494e472042545245452c0d0a2020434f4e53545241494e542060464b5f436c69656e74536563726574735f436c69656e74735f436c69656e7449646020464f524549474e204b4559202860436c69656e7449646029205245464552454e4345532060636c69656e74736020286049646029204f4e2044454c4554452043415343414445204f4e205550444154452052455354524943540d0a2920454e47494e45203d20496e6e6f4442204155544f5f494e4352454d454e54203d2031322043484152414354455220534554203d20757466386d623420434f4c4c415445203d20757466386d62345f67656e6572616c5f636920524f575f464f524d4154203d2044594e414d49433b0d0a0d0a2d2d202d2d2d2d2d2d2d2d2d2d2d2d2d2d2d2d2d2d2d2d2d2d2d2d2d2d2d2d0d0a2d2d205265636f726473206f6620636c69656e74736563726574730d0a2d2d202d2d2d2d2d2d2d2d2d2d2d2d2d2d2d2d2d2d2d2d2d2d2d2d2d2d2d2d0d0a494e5345525420494e544f2060636c69656e7473656372657473602056414c5545532028312c204e554c4c2c202752647a4e536945442f55456d6167783834317455596d6243684a7546756b42544b305678683275717630513d272c204e554c4c2c2027536861726564536563726574272c2027323032312d31312d31362031323a32383a35302e353730303638272c2031293b0d0a0d0a2d2d202d2d2d2d2d2d2d2d2d2d2d2d2d2d2d2d2d2d2d2d2d2d2d2d2d2d2d2d0d0a2d2d205461626c652073747275637475726520666f7220646576696365636f6465730d0a2d2d202d2d2d2d2d2d2d2d2d2d2d2d2d2d2d2d2d2d2d2d2d2d2d2d2d2d2d2d0d0a44524f50205441424c45204946204558495354532060646576696365636f646573603b0d0a435245415445205441424c452060646576696365636f646573602020280d0a20206055736572436f64656020766172636861722832303029204348415241435445522053455420757466386d623420434f4c4c41544520757466386d62345f67656e6572616c5f6369204e4f54204e554c4c2c0d0a202060446576696365436f64656020766172636861722832303029204348415241435445522053455420757466386d623420434f4c4c41544520757466386d62345f67656e6572616c5f6369204e4f54204e554c4c2c0d0a2020605375626a65637449646020766172636861722832303029204348415241435445522053455420757466386d623420434f4c4c41544520757466386d62345f67656e6572616c5f6369204e554c4c2044454641554c54204e554c4c2c0d0a20206053657373696f6e49646020766172636861722831303029204348415241435445522053455420757466386d623420434f4c4c41544520757466386d62345f67656e6572616c5f6369204e554c4c2044454641554c54204e554c4c2c0d0a202060436c69656e7449646020766172636861722832303029204348415241435445522053455420757466386d623420434f4c4c41544520757466386d62345f67656e6572616c5f6369204e4f54204e554c4c2c0d0a2020604465736372697074696f6e6020766172636861722832303029204348415241435445522053455420757466386d623420434f4c4c41544520757466386d62345f67656e6572616c5f6369204e554c4c2044454641554c54204e554c4c2c0d0a2020604372656174696f6e54696d6560206461746574696d65283629204e4f54204e554c4c2c0d0a20206045787069726174696f6e60206461746574696d65283629204e4f54204e554c4c2c0d0a2020604461746160206c6f6e6774657874204348415241435445522053455420757466386d623420434f4c4c41544520757466386d62345f67656e6572616c5f6369204e4f54204e554c4c2c0d0a20205052494d415259204b455920286055736572436f64656029205553494e472042545245452c0d0a2020554e4951554520494e444558206049585f446576696365436f6465735f446576696365436f6465602860446576696365436f64656029205553494e472042545245452c0d0a2020494e444558206049585f446576696365436f6465735f45787069726174696f6e60286045787069726174696f6e6029205553494e472042545245450d0a2920454e47494e45203d20496e6e6f44422043484152414354455220534554203d20757466386d623420434f4c4c415445203d20757466386d62345f67656e6572616c5f636920524f575f464f524d4154203d2044594e414d49433b0d0a0d0a2d2d202d2d2d2d2d2d2d2d2d2d2d2d2d2d2d2d2d2d2d2d2d2d2d2d2d2d2d2d0d0a2d2d205265636f726473206f6620646576696365636f6465730d0a2d2d202d2d2d2d2d2d2d2d2d2d2d2d2d2d2d2d2d2d2d2d2d2d2d2d2d2d2d2d0d0a0d0a2d2d202d2d2d2d2d2d2d2d2d2d2d2d2d2d2d2d2d2d2d2d2d2d2d2d2d2d2d2d0d0a2d2d205461626c652073747275637475726520666f72206964656e746974797265736f75726365636c61696d730d0a2d2d202d2d2d2d2d2d2d2d2d2d2d2d2d2d2d2d2d2d2d2d2d2d2d2d2d2d2d2d0d0a44524f50205441424c452049462045584953545320606964656e746974797265736f75726365636c61696d73603b0d0a435245415445205441424c4520606964656e746974797265736f75726365636c61696d73602020280d0a20206049646020696e74204e4f54204e554c4c204155544f5f494e4352454d454e542c0d0a202060547970656020766172636861722832303029204348415241435445522053455420757466386d623420434f4c4c41544520757466386d62345f67656e6572616c5f6369204e4f54204e554c4c2c0d0a2020604964656e746974795265736f7572636549646020696e74204e4f54204e554c4c2c0d0a20205052494d415259204b455920286049646029205553494e472042545245452c0d0a2020494e444558206049585f4964656e746974795265736f75726365436c61696d735f4964656e746974795265736f7572636549646028604964656e746974795265736f7572636549646029205553494e472042545245452c0d0a2020434f4e53545241494e542060464b5f4964656e746974795265736f75726365436c61696d735f4964656e746974795265736f75726365735f4964656e746974795265736f7572636549646020464f524549474e204b45592028604964656e746974795265736f7572636549646029205245464552454e43455320606964656e746974797265736f75726365736020286049646029204f4e2044454c4554452043415343414445204f4e205550444154452052455354524943540d0a2920454e47494e45203d20496e6e6f4442204155544f5f494e4352454d454e54203d2031362043484152414354455220534554203d20757466386d623420434f4c4c415445203d20757466386d62345f67656e6572616c5f636920524f575f464f524d4154203d2044594e414d49433b0d0a0d0a2d2d202d2d2d2d2d2d2d2d2d2d2d2d2d2d2d2d2d2d2d2d2d2d2d2d2d2d2d2d0d0a2d2d205265636f726473206f66206964656e746974797265736f75726365636c61696d730d0a2d2d202d2d2d2d2d2d2d2d2d2d2d2d2d2d2d2d2d2d2d2d2d2d2d2d2d2d2d2d0d0a494e5345525420494e544f20606964656e746974797265736f75726365636c61696d73602056414c5545532028312c20276e69636b6e616d65272c2031293b0d0a494e5345525420494e544f20606964656e746974797265736f75726365636c61696d73602056414c5545532028322c20276d6964646c655f6e616d65272c2031293b0d0a494e5345525420494e544f20606964656e746974797265736f75726365636c61696d73602056414c5545532028332c2027676976656e5f6e616d65272c2031293b0d0a494e5345525420494e544f20606964656e746974797265736f75726365636c61696d73602056414c5545532028342c202766616d696c795f6e616d65272c2031293b0d0a494e5345525420494e544f20606964656e746974797265736f75726365636c61696d73602056414c5545532028352c20276e616d65272c2031293b0d0a494e5345525420494e544f20606964656e746974797265736f75726365636c61696d73602056414c5545532028362c20277072656665727265645f757365726e616d65272c2031293b0d0a494e5345525420494e544f20606964656e746974797265736f75726365636c61696d73602056414c5545532028372c202770726f66696c65272c2031293b0d0a494e5345525420494e544f20606964656e746974797265736f75726365636c61696d73602056414c5545532028382c202770696374757265272c2031293b0d0a494e5345525420494e544f20606964656e746974797265736f75726365636c61696d73602056414c5545532028392c202777656273697465272c2031293b0d0a494e5345525420494e544f20606964656e746974797265736f75726365636c61696d73602056414c554553202831302c202767656e646572272c2031293b0d0a494e5345525420494e544f20606964656e746974797265736f75726365636c61696d73602056414c554553202831312c2027626972746864617465272c2031293b0d0a494e5345525420494e544f20606964656e746974797265736f75726365636c61696d73602056414c554553202831322c20277a6f6e65696e666f272c2031293b0d0a494e5345525420494e544f20606964656e746974797265736f75726365636c61696d73602056414c554553202831332c20276c6f63616c65272c2031293b0d0a494e5345525420494e544f20606964656e746974797265736f75726365636c61696d73602056414c554553202831342c2027757064617465645f6174272c2031293b0d0a494e5345525420494e544f20606964656e746974797265736f75726365636c61696d73602056414c554553202831352c2027737562272c2032293b0d0a0d0a2d2d202d2d2d2d2d2d2d2d2d2d2d2d2d2d2d2d2d2d2d2d2d2d2d2d2d2d2d2d0d0a2d2d205461626c652073747275637475726520666f72206964656e746974797265736f7572636570726f706572746965730d0a2d2d202d2d2d2d2d2d2d2d2d2d2d2d2d2d2d2d2d2d2d2d2d2d2d2d2d2d2d2d0d0a44524f50205441424c452049462045584953545320606964656e746974797265736f7572636570726f70657274696573603b0d0a435245415445205441424c4520606964656e746974797265736f7572636570726f70657274696573602020280d0a20206049646020696e74204e4f54204e554c4c204155544f5f494e4352454d454e542c0d0a2020604b65796020766172636861722832353029204348415241435445522053455420757466386d623420434f4c4c41544520757466386d62345f67656e6572616c5f6369204e4f54204e554c4c2c0d0a20206056616c7565602076617263686172283230303029204348415241435445522053455420757466386d623420434f4c4c41544520757466386d62345f67656e6572616c5f6369204e4f54204e554c4c2c0d0a2020604964656e746974795265736f7572636549646020696e74204e4f54204e554c4c2c0d0a20205052494d415259204b455920286049646029205553494e472042545245452c0d0a2020494e444558206049585f4964656e746974795265736f7572636550726f706572746965735f4964656e746974795265736f7572636549646028604964656e746974795265736f7572636549646029205553494e472042545245452c0d0a2020434f4e53545241494e542060464b5f4964656e746974795265736f7572636550726f706572746965735f4964656e746974795265736f75726365735f4964656e746974795265736f7572637e6020464f524549474e204b45592028604964656e746974795265736f7572636549646029205245464552454e43455320606964656e746974797265736f75726365736020286049646029204f4e2044454c4554452043415343414445204f4e205550444154452052455354524943540d0a2920454e47494e45203d20496e6e6f4442204155544f5f494e4352454d454e54203d20312043484152414354455220534554203d20757466386d623420434f4c4c415445203d20757466386d62345f67656e6572616c5f636920524f575f464f524d4154203d2044594e414d49433b0d0a0d0a2d2d202d2d2d2d2d2d2d2d2d2d2d2d2d2d2d2d2d2d2d2d2d2d2d2d2d2d2d2d0d0a2d2d205265636f726473206f66206964656e746974797265736f7572636570726f706572746965730d0a2d2d202d2d2d2d2d2d2d2d2d2d2d2d2d2d2d2d2d2d2d2d2d2d2d2d2d2d2d2d0d0a0d0a2d2d202d2d2d2d2d2d2d2d2d2d2d2d2d2d2d2d2d2d2d2d2d2d2d2d2d2d2d2d0d0a2d2d205461626c652073747275637475726520666f72206964656e746974797265736f75726365730d0a2d2d202d2d2d2d2d2d2d2d2d2d2d2d2d2d2d2d2d2d2d2d2d2d2d2d2d2d2d2d0d0a44524f50205441424c452049462045584953545320606964656e746974797265736f7572636573603b0d0a435245415445205441424c4520606964656e746974797265736f7572636573602020280d0a20206049646020696e74204e4f54204e554c4c204155544f5f494e4352454d454e542c0d0a202060456e61626c6564602074696e79696e74283129204e4f54204e554c4c2c0d0a2020604e616d656020766172636861722832303029204348415241435445522053455420757466386d623420434f4c4c41544520757466386d62345f67656e6572616c5f6369204e4f54204e554c4c2c0d0a202060446973706c61794e616d656020766172636861722832303029204348415241435445522053455420757466386d623420434f4c4c41544520757466386d62345f67656e6572616c5f6369204e554c4c2044454641554c54204e554c4c2c0d0a2020604465736372697074696f6e602076617263686172283130303029204348415241435445522053455420757466386d623420434f4c4c41544520757466386d62345f67656e6572616c5f6369204e554c4c2044454641554c54204e554c4c2c0d0a2020605265717569726564602074696e79696e74283129204e4f54204e554c4c2c0d0a202060456d70686173697a65602074696e79696e74283129204e4f54204e554c4c2c0d0a20206053686f77496e446973636f76657279446f63756d656e74602074696e79696e74283129204e4f54204e554c4c2c0d0a2020604372656174656460206461746574696d65283629204e4f54204e554c4c2c0d0a2020605570646174656460206461746574696d65283629204e554c4c2044454641554c54204e554c4c2c0d0a2020604e6f6e4564697461626c65602074696e79696e74283129204e4f54204e554c4c2c0d0a20205052494d415259204b455920286049646029205553494e472042545245452c0d0a2020554e4951554520494e444558206049585f4964656e746974795265736f75726365735f4e616d656028604e616d656029205553494e472042545245450d0a2920454e47494e45203d20496e6e6f4442204155544f5f494e4352454d454e54203d20332043484152414354455220534554203d20757466386d623420434f4c4c415445203d20757466386d62345f67656e6572616c5f636920524f575f464f524d4154203d2044594e414d49433b0d0a0d0a2d2d202d2d2d2d2d2d2d2d2d2d2d2d2d2d2d2d2d2d2d2d2d2d2d2d2d2d2d2d0d0a2d2d205265636f726473206f66206964656e746974797265736f75726365730d0a2d2d202d2d2d2d2d2d2d2d2d2d2d2d2d2d2d2d2d2d2d2d2d2d2d2d2d2d2d2d0d0a494e5345525420494e544f20606964656e746974797265736f7572636573602056414c5545532028312c20312c202770726f66696c65272c2027557365722070726f66696c65272c2027596f757220757365722070726f66696c6520696e666f726d6174696f6e20286669727374206e616d652c206c617374206e616d652c206574632e29272c20302c20312c20312c2027323032312d31312d31362031323a32383a35312e323233313439272c204e554c4c2c2030293b0d0a494e5345525420494e544f20606964656e746974797265736f7572636573602056414c5545532028322c20312c20276f70656e6964272c2027596f75722075736572206964656e746966696572272c204e554c4c2c20312c20302c20312c2027323032312d31312d31362031323a32383a35312e313830323137272c204e554c4c2c2030293b0d0a0d0a2d2d202d2d2d2d2d2d2d2d2d2d2d2d2d2d2d2d2d2d2d2d2d2d2d2d2d2d2d2d0d0a2d2d205461626c652073747275637475726520666f72207065727369737465646772616e74730d0a2d2d202d2d2d2d2d2d2d2d2d2d2d2d2d2d2d2d2d2d2d2d2d2d2d2d2d2d2d2d0d0a44524f50205441424c452049462045584953545320607065727369737465646772616e7473603b0d0a435245415445205441424c4520607065727369737465646772616e7473602020280d0a2020604b65796020766172636861722832303029204348415241435445522053455420757466386d623420434f4c4c41544520757466386d62345f67656e6572616c5f6369204e4f54204e554c4c2c0d0a2020605479706560207661726368617228353029204348415241435445522053455420757466386d623420434f4c4c41544520757466386d62345f67656e6572616c5f6369204e4f54204e554c4c2c0d0a2020605375626a65637449646020766172636861722832303029204348415241435445522053455420757466386d623420434f4c4c41544520757466386d62345f67656e6572616c5f6369204e554c4c2044454641554c54204e554c4c2c0d0a20206053657373696f6e49646020766172636861722831303029204348415241435445522053455420757466386d623420434f4c4c41544520757466386d62345f67656e6572616c5f6369204e554c4c2044454641554c54204e554c4c2c0d0a202060436c69656e7449646020766172636861722832303029204348415241435445522053455420757466386d623420434f4c4c41544520757466386d62345f67656e6572616c5f6369204e4f54204e554c4c2c0d0a2020604465736372697074696f6e6020766172636861722832303029204348415241435445522053455420757466386d623420434f4c4c41544520757466386d62345f67656e6572616c5f6369204e554c4c2044454641554c54204e554c4c2c0d0a2020604372656174696f6e54696d6560206461746574696d65283629204e4f54204e554c4c2c0d0a20206045787069726174696f6e60206461746574696d65283629204e554c4c2044454641554c54204e554c4c2c0d0a202060436f6e73756d656454696d6560206461746574696d65283629204e554c4c2044454641554c54204e554c4c2c0d0a2020604461746160206c6f6e6774657874204348415241435445522053455420757466386d623420434f4c4c41544520757466386d62345f67656e6572616c5f6369204e4f54204e554c4c2c0d0a20205052494d415259204b45592028604b65796029205553494e472042545245452c0d0a2020494e444558206049585f5065727369737465644772616e74735f45787069726174696f6e60286045787069726174696f6e6029205553494e472042545245452c0d0a2020494e444558206049585f5065727369737465644772616e74735f5375626a65637449645f436c69656e7449645f547970656028605375626a6563744964602c2060436c69656e744964602c2060547970656029205553494e472042545245452c0d0a2020494e444558206049585f5065727369737465644772616e74735f5375626a65637449645f53657373696f6e49645f547970656028605375626a6563744964602c206053657373696f6e4964602c2060547970656029205553494e472042545245450d0a2920454e47494e45203d20496e6e6f44422043484152414354455220534554203d20757466386d623420434f4c4c415445203d20757466386d62345f67656e6572616c5f636920524f575f464f524d4154203d2044594e414d49433b0d0a0d0a2d2d202d2d2d2d2d2d2d2d2d2d2d2d2d2d2d2d2d2d2d2d2d2d2d2d2d2d2d2d0d0a2d2d205265636f726473206f66207065727369737465646772616e74730d0a2d2d202d2d2d2d2d2d2d2d2d2d2d2d2d2d2d2d2d2d2d2d2d2d2d2d2d2d2d2d0d0a0d0a53455420464f524549474e5f4b45595f434845434b53203d20313b0d0a', 1);


--
-- Data for Name: dbinfo; Type: TABLE DATA; Schema: public; Owner: postgres
--

INSERT INTO public.dbinfo VALUES (1, 'identityserver数据库', 'identityserver4_db', 'string', 'oauth_service');


--
-- Data for Name: dbserver; Type: TABLE DATA; Schema: public; Owner: postgres
--

INSERT INTO public.dbserver VALUES (10, 0, '192.168.1.14', 5443, 'devuser1', '23232', false);
INSERT INTO public.dbserver VALUES (11, 1, '127.0.0.1', 16636, 'root', 'GH0ceyhUAz/OCLUneOHdzg==', false);
INSERT INTO public.dbserver VALUES (13, 0, '127.0.0.1', 5441, 'postgres', 'GH0ceyhUAz/OCLUneOHdzg==', true);
INSERT INTO public.dbserver VALUES (14, 0, '127.0.0.1', 5442, 'postgres', 'GH0ceyhUAz/OCLUneOHdzg==', true);
INSERT INTO public.dbserver VALUES (15, 0, '127.0.0.1', 5443, 'postgres', 'GH0ceyhUAz/OCLUneOHdzg==', true);
INSERT INTO public.dbserver VALUES (16, 0, '127.0.0.1', 5444, 'postgres', 'GH0ceyhUAz/OCLUneOHdzg==', true);
INSERT INTO public.dbserver VALUES (17, 1, '127.0.0.1', 3311, 'root', 'GH0ceyhUAz/OCLUneOHdzg==', true);
INSERT INTO public.dbserver VALUES (18, 1, '127.0.0.1', 3312, 'root', 'GH0ceyhUAz/OCLUneOHdzg==', true);
INSERT INTO public.dbserver VALUES (19, 1, '127.0.0.1', 3313, 'root', 'GH0ceyhUAz/OCLUneOHdzg==', true);
INSERT INTO public.dbserver VALUES (20, 1, '127.0.0.1', 3314, 'root', 'GH0ceyhUAz/OCLUneOHdzg==', true);
INSERT INTO public.dbserver VALUES (12, 0, '127.0.0.1', 5432, 'postgres', 'EmxuEz/RdEBY4Pi4zkyzzw==', false);


--
-- Data for Name: externaltenantservicedbconn; Type: TABLE DATA; Schema: public; Owner: postgres
--

INSERT INTO public.externaltenantservicedbconn VALUES (2, 'test', 'test.com', 'oauthservice', 'oauthrealtimedb', 'APWwAOd4axY3ASGnlnkd09en5YSZvlKNaiUkIws1UwR0n9d3cAm04o0YG4F9WQE7XOsIEMsew1zINZQaYvPN+vxwbcKOoFdubLN7n+uxe5kNeKsoe59vgLpS4AzENEMc', 'APWwAOd4axY3ASGnlnkd03qH5hZMn5oWPgMotjtyeQB0n9d3cAm04o0YG4F9WQE7XOsIEMsew1zINZQaYvPN+vxwbcKOoFdubLN7n+uxe5kNeKsoe59vgLpS4AzENEMc', '2022-12-21 07:06:34.445668');


--
-- Data for Name: historytenantservicedbconn; Type: TABLE DATA; Schema: public; Owner: postgres
--

INSERT INTO public.historytenantservicedbconn VALUES (1, 12, 'CreateTestDb', 1, 0, 12, 'wxmldkifoC0JXYeBnWpOuRJ0IlOIir1FFz203LSN4Cq833o71l2bZF5DGPwti3MBLnIp7QcdTUwssjjA1gRI+1RjlLVAnZ8DX9A/5ECghrbtoAkqAbVWU6FOx+RMENhH', 1);
INSERT INTO public.historytenantservicedbconn VALUES (2, 12, 'CreateTestDb', 1, 0, 12, 'wxmldkifoC0JXYeBnWpOuRJ0IlOIir1FFz203LSN4Cq833o71l2bZF5DGPwti3MBLnIp7QcdTUwssjjA1gRI+3LQRwnppQOlKIXTccsh6Vqczttjox+UEZfHfg5Cb4yF', 3);
INSERT INTO public.historytenantservicedbconn VALUES (3, 12, 'CreateTestDb', 1, 0, 14, 'wxmldkifoC0JXYeBnWpOuZp4W/qw9P9VorZTGDggmKq833o71l2bZF5DGPwti3MBWA9i4r4cFm+sJso2XDVe+2uIXIXL+pFGr2g1vQgomFVAD4VxVT1lzCBQww8q/h90', 3);
INSERT INTO public.historytenantservicedbconn VALUES (4, 32, 'sys.ids', 1, 0, 19, '8kOur+U8OOMjKuO7FUOIxq7HEEbF7HHgiFjizXxRRGroKdwEG3wgI75p14w7dcTZEcLnY0eYRygxqAxxivYD6Ly2O4QN71wHX7SBTX1106o1rmVgkzUzzA0TO7kGkOxhrccp8fvn+23PWV5UY3EyPg==', 1);
INSERT INTO public.historytenantservicedbconn VALUES (5, 32, 'sys.ids', 1, 0, 20, '8kOur+U8OOMjKuO7FUOIxtpc7emGrbiekKous8MsBdnoKdwEG3wgI75p14w7dcTZEcLnY0eYRygxqAxxivYD6Ly2O4QN71wHX7SBTX1106o2hVJ5pY6m7hzxLPRaoUaA2QHd0m6wOuZtQY51FuQSFA==', 1);
INSERT INTO public.historytenantservicedbconn VALUES (6, 32, 'sys.ids', 1, 0, 17, '8kOur+U8OOMjKuO7FUOIxhI16zLjqfTkUCMmIhaaB8noKdwEG3wgI75p14w7dcTZEcLnY0eYRygxqAxxivYD6Ly2O4QN71wHX7SBTX1106oxkVSZCIWTgB03UUD+E4oHWt8JZdXAW93KeGAJw4lDiw==', 1);
INSERT INTO public.historytenantservicedbconn VALUES (7, 32, 'sys.ids', 1, 0, 17, '8kOur+U8OOMjKuO7FUOIxhI16zLjqfTkUCMmIhaaB8noKdwEG3wgI75p14w7dcTZEcLnY0eYRygxqAxxivYD6Ly2O4QN71wHX7SBTX1106r60pprOt2u07kqPBk2QRyDdXhpU97Ejfpu4V36WTAOcA==', 1);
INSERT INTO public.historytenantservicedbconn VALUES (8, 12, 'CreateTestDb', 1, 1, 15, 'wxmldkifoC0JXYeBnWpOuQegP+5esb+2/s/Pm3WkmXO833o71l2bZF5DGPwti3MBWA9i4r4cFm+sJso2XDVe+2uIXIXL+pFGr2g1vQgomFVAD4VxVT1lzCBQww8q/h90', 3);


--
-- Data for Name: schemaupdatescript; Type: TABLE DATA; Schema: public; Owner: postgres
--

INSERT INTO public.schemaupdatescript VALUES (1, 'CreateTestDb1.1', '\x435245415445205441424c45207075626c69632e746573745f62626120280d0a20202020696420626967696e74204e4f54204e554c4c2c0d0a2020202073657820696e74656765720d0a293b0d0a0d0a0d0a414c544552205441424c45207075626c69632e746573745f626261204f574e455220544f20706f7374677265733b', '\x64726f70207461626c6520696620657869737473207075626c69632e746573745f6262613b', 'CreateTestDb', 1, 1, NULL);


--
-- Data for Name: serviceinfo; Type: TABLE DATA; Schema: public; Owner: postgres
--

INSERT INTO public.serviceinfo VALUES (2, '统计服务', 'stat_service', '统计各项指标');
INSERT INTO public.serviceinfo VALUES (1, 'oauth服务', 'oauth_service', 'identityserver4实现的oauth服务');


--
-- Data for Name: tenantdomain; Type: TABLE DATA; Schema: public; Owner: postgres
--

INSERT INTO public.tenantdomain VALUES (1, 'test.com');


--
-- Data for Name: tenantidentifier; Type: TABLE DATA; Schema: public; Owner: postgres
--

INSERT INTO public.tenantidentifier VALUES (4, '4b6bad64cf854f058f8e34df913df8e9', 'test', 'test.com');
INSERT INTO public.tenantidentifier VALUES (5, '5948de5ed77645b5902966413499d468', 'test2', 'test.com');
INSERT INTO public.tenantidentifier VALUES (6, '99cdce8278684490a261793ca2e3ee41', 'test3', 'test.com');


--
-- Data for Name: tenantservicedbconn; Type: TABLE DATA; Schema: public; Owner: postgres
--

INSERT INTO public.tenantservicedbconn VALUES (2, 'aa', 'aa', 'aa', 'aa', 'bb', 0, 0, 2, 'adfsdfsd');
INSERT INTO public.tenantservicedbconn VALUES (25, 'test2', 'test.com', 'test_service', 'test_db', 'CreateTestDb', 1, 1, 14, 'wxmldkifoC0JXYeBnWpOuZp4W/qw9P9VorZTGDggmKq833o71l2bZF5DGPwti3MBWA9i4r4cFm+sJso2XDVe+1vem79kR544cynqhYUCUjpsWmK5gyPF4wqgdCso/tgA');
INSERT INTO public.tenantservicedbconn VALUES (31, 'test', 'test.com', 'oauth', 'oauthdb', 'sys.ids', 1, 0, 17, '8kOur+U8OOMjKuO7FUOIxhI16zLjqfTkUCMmIhaaB8noKdwEG3wgI75p14w7dcTZEcLnY0eYRygxqAxxivYD6Ly2O4QN71wHX7SBTX1106pmkrq3OkpaB6rOFyqKq9JS/F0aAOtSkpaTTwtU/odJyQ==');
INSERT INTO public.tenantservicedbconn VALUES (32, 'test3', 'test.com', 'oauth', 'oauthdb', 'sys.ids', 1, 0, 19, '8kOur+U8OOMjKuO7FUOIxq7HEEbF7HHgiFjizXxRRGroKdwEG3wgI75p14w7dcTZEcLnY0eYRygxqAxxivYD6Ly2O4QN71wHX7SBTX1106p9KbDdR08K3dqr9DWirhG9smzxs+GgOroKKOyja7/uRA==');
INSERT INTO public.tenantservicedbconn VALUES (12, 'test', 'test.com', 'test_service', 'test_db', 'CreateTestDb', 1, 1, 16, 'wxmldkifoC0JXYeBnWpOuUumqWzdqiSQtQFz/+OR09O833o71l2bZF5DGPwti3MBWA9i4r4cFm+sJso2XDVe+2uIXIXL+pFGr2g1vQgomFVAD4VxVT1lzCBQww8q/h90');
INSERT INTO public.tenantservicedbconn VALUES (38, 'test3', 'test.com', 'test_service', 'test_db', 'CreateTestDb', 1, 1, 15, 'wxmldkifoC0JXYeBnWpOuQegP+5esb+2/s/Pm3WkmXO833o71l2bZF5DGPwti3MBWA9i4r4cFm+sJso2XDVe+1T9Z7a2GmxurEDIMYDxIln61ItiEybfUNyhy+4ExegY');


--
-- Name: ApiClient_Id_seq; Type: SEQUENCE SET; Schema: public; Owner: postgres
--

SELECT pg_catalog.setval('public."ApiClient_Id_seq"', 6, true);


--
-- Name: DbServer_Id_seq; Type: SEQUENCE SET; Schema: public; Owner: postgres
--

SELECT pg_catalog.setval('public."DbServer_Id_seq"', 20, true);


--
-- Name: apiscope_id_seq; Type: SEQUENCE SET; Schema: public; Owner: postgres
--

SELECT pg_catalog.setval('public.apiscope_id_seq', 2, true);


--
-- Name: clientdomainscope_id_seq; Type: SEQUENCE SET; Schema: public; Owner: postgres
--

SELECT pg_catalog.setval('public.clientdomainscope_id_seq', 6, true);


--
-- Name: createdbscript_id_seq; Type: SEQUENCE SET; Schema: public; Owner: postgres
--

SELECT pg_catalog.setval('public.createdbscript_id_seq', 9, true);


--
-- Name: dbinfo_id_seq; Type: SEQUENCE SET; Schema: public; Owner: postgres
--

SELECT pg_catalog.setval('public.dbinfo_id_seq', 1, true);


--
-- Name: externaltenantservicedbconn_id_seq; Type: SEQUENCE SET; Schema: public; Owner: postgres
--

SELECT pg_catalog.setval('public.externaltenantservicedbconn_id_seq', 3, true);


--
-- Name: historytenantservicedbconn_id_seq; Type: SEQUENCE SET; Schema: public; Owner: postgres
--

SELECT pg_catalog.setval('public.historytenantservicedbconn_id_seq', 8, true);


--
-- Name: schemaupdatescript_id_seq; Type: SEQUENCE SET; Schema: public; Owner: postgres
--

SELECT pg_catalog.setval('public.schemaupdatescript_id_seq', 1, true);


--
-- Name: serviceinfo_id_seq; Type: SEQUENCE SET; Schema: public; Owner: postgres
--

SELECT pg_catalog.setval('public.serviceinfo_id_seq', 2, true);


--
-- Name: tenantdomain_id_seq; Type: SEQUENCE SET; Schema: public; Owner: postgres
--

SELECT pg_catalog.setval('public.tenantdomain_id_seq', 4, true);


--
-- Name: tenantidentifier_id_seq; Type: SEQUENCE SET; Schema: public; Owner: postgres
--

SELECT pg_catalog.setval('public.tenantidentifier_id_seq', 6, true);


--
-- Name: tenantservicedbconn_id_seq; Type: SEQUENCE SET; Schema: public; Owner: postgres
--

SELECT pg_catalog.setval('public.tenantservicedbconn_id_seq', 38, true);


--
-- Name: apiclient ApiClient_pkey; Type: CONSTRAINT; Schema: public; Owner: postgres
--

ALTER TABLE ONLY public.apiclient
    ADD CONSTRAINT "ApiClient_pkey" PRIMARY KEY (id);


--
-- Name: dbserver DbServer_pkey; Type: CONSTRAINT; Schema: public; Owner: postgres
--

ALTER TABLE ONLY public.dbserver
    ADD CONSTRAINT "DbServer_pkey" PRIMARY KEY (id);


--
-- Name: apiscope apiscope_pkey; Type: CONSTRAINT; Schema: public; Owner: postgres
--

ALTER TABLE ONLY public.apiscope
    ADD CONSTRAINT apiscope_pkey PRIMARY KEY (id);


--
-- Name: clientdomainscope clientdomainscope_pkey; Type: CONSTRAINT; Schema: public; Owner: postgres
--

ALTER TABLE ONLY public.clientdomainscope
    ADD CONSTRAINT clientdomainscope_pkey PRIMARY KEY (id);


--
-- Name: createdbscript createdbscript_pkey; Type: CONSTRAINT; Schema: public; Owner: postgres
--

ALTER TABLE ONLY public.createdbscript
    ADD CONSTRAINT createdbscript_pkey PRIMARY KEY (id);


--
-- Name: dbinfo dbinfo_pkey; Type: CONSTRAINT; Schema: public; Owner: postgres
--

ALTER TABLE ONLY public.dbinfo
    ADD CONSTRAINT dbinfo_pkey PRIMARY KEY (id);


--
-- Name: externaltenantservicedbconn externaltenantservicedbconn_pkey; Type: CONSTRAINT; Schema: public; Owner: postgres
--

ALTER TABLE ONLY public.externaltenantservicedbconn
    ADD CONSTRAINT externaltenantservicedbconn_pkey PRIMARY KEY (id);


--
-- Name: historytenantservicedbconn historytenantservicedbconn_pkey; Type: CONSTRAINT; Schema: public; Owner: postgres
--

ALTER TABLE ONLY public.historytenantservicedbconn
    ADD CONSTRAINT historytenantservicedbconn_pkey PRIMARY KEY (id);


--
-- Name: schemaupdatescript schemaupdatescript_pkey; Type: CONSTRAINT; Schema: public; Owner: postgres
--

ALTER TABLE ONLY public.schemaupdatescript
    ADD CONSTRAINT schemaupdatescript_pkey PRIMARY KEY (id);


--
-- Name: tenantdomain tenantdomain_pkey; Type: CONSTRAINT; Schema: public; Owner: postgres
--

ALTER TABLE ONLY public.tenantdomain
    ADD CONSTRAINT tenantdomain_pkey PRIMARY KEY (id);


--
-- Name: tenantidentifier tenantidentifier_pkey; Type: CONSTRAINT; Schema: public; Owner: postgres
--

ALTER TABLE ONLY public.tenantidentifier
    ADD CONSTRAINT tenantidentifier_pkey PRIMARY KEY (id);


--
-- Name: tenantservicedbconn tenantservicedbconn_pkey; Type: CONSTRAINT; Schema: public; Owner: postgres
--

ALTER TABLE ONLY public.tenantservicedbconn
    ADD CONSTRAINT tenantservicedbconn_pkey PRIMARY KEY (id);


--
-- Name: apiclient u_apiclient_clientid; Type: CONSTRAINT; Schema: public; Owner: postgres
--

ALTER TABLE ONLY public.apiclient
    ADD CONSTRAINT u_apiclient_clientid UNIQUE (clientid);


--
-- Name: apiscope u_apiscope_name; Type: CONSTRAINT; Schema: public; Owner: postgres
--

ALTER TABLE ONLY public.apiscope
    ADD CONSTRAINT u_apiscope_name UNIQUE (name);


--
-- Name: clientdomainscope u_clientdomainscope_1; Type: CONSTRAINT; Schema: public; Owner: postgres
--

ALTER TABLE ONLY public.clientdomainscope
    ADD CONSTRAINT u_clientdomainscope_1 UNIQUE (clientid, tenantdomain, scope);


--
-- Name: createdbscript u_createdbscript_name_majorversion; Type: CONSTRAINT; Schema: public; Owner: postgres
--

ALTER TABLE ONLY public.createdbscript
    ADD CONSTRAINT u_createdbscript_name_majorversion UNIQUE (name, majorversion);


--
-- Name: dbinfo u_dbinfo_identifier; Type: CONSTRAINT; Schema: public; Owner: postgres
--

ALTER TABLE ONLY public.dbinfo
    ADD CONSTRAINT u_dbinfo_identifier UNIQUE (serviceidentifier, identifier);


--
-- Name: externaltenantservicedbconn u_externaltenantservicedbconn_1; Type: CONSTRAINT; Schema: public; Owner: postgres
--

ALTER TABLE ONLY public.externaltenantservicedbconn
    ADD CONSTRAINT u_externaltenantservicedbconn_1 UNIQUE (tenantidentifier, tenantdomain, serviceidentifier, dbidentifier);


--
-- Name: schemaupdatescript u_schemaupdatescript_1; Type: CONSTRAINT; Schema: public; Owner: postgres
--

ALTER TABLE ONLY public.schemaupdatescript
    ADD CONSTRAINT u_schemaupdatescript_1 UNIQUE (createscriptname, basemajorversion, minorversion);


--
-- Name: schemaupdatescript u_schemaupdatescript_name; Type: CONSTRAINT; Schema: public; Owner: postgres
--

ALTER TABLE ONLY public.schemaupdatescript
    ADD CONSTRAINT u_schemaupdatescript_name UNIQUE (name);


--
-- Name: serviceinfo u_serviceinfo_identifier; Type: CONSTRAINT; Schema: public; Owner: postgres
--

ALTER TABLE ONLY public.serviceinfo
    ADD CONSTRAINT u_serviceinfo_identifier PRIMARY KEY (identifier);


--
-- Name: tenantdomain u_tenantdomain_tenantdomain; Type: CONSTRAINT; Schema: public; Owner: postgres
--

ALTER TABLE ONLY public.tenantdomain
    ADD CONSTRAINT u_tenantdomain_tenantdomain UNIQUE (tenantdomain);


--
-- Name: tenantidentifier u_tenantidentifier_1; Type: CONSTRAINT; Schema: public; Owner: postgres
--

ALTER TABLE ONLY public.tenantidentifier
    ADD CONSTRAINT u_tenantidentifier_1 UNIQUE (tenantidentifier, tenantdomain);


--
-- Name: tenantidentifier u_tenantidentifier_tenantguid; Type: CONSTRAINT; Schema: public; Owner: postgres
--

ALTER TABLE ONLY public.tenantidentifier
    ADD CONSTRAINT u_tenantidentifier_tenantguid UNIQUE (tenantguid);


--
-- Name: tenantservicedbconn u_tenantservicedbconn_1; Type: CONSTRAINT; Schema: public; Owner: postgres
--

ALTER TABLE ONLY public.tenantservicedbconn
    ADD CONSTRAINT u_tenantservicedbconn_1 UNIQUE (tenantidentifier, tenantdomain, createscriptname, createscriptversion);


--
-- Name: idx_historytenantservicedbconn_dbconnid; Type: INDEX; Schema: public; Owner: postgres
--

CREATE INDEX idx_historytenantservicedbconn_dbconnid ON public.historytenantservicedbconn USING btree (dbconnid);


--
-- PostgreSQL database dump complete
--

